<?xml version="1.0" encoding="UTF-8"?>
<?xml-stylesheet href="/xml/XSLT/panelfile-5-5-5.xsl" type="text/xsl"?>
<layout-config xmlns:xsi="http://www.w3.org/2001/XMLSchema-instance" xsi:noNamespaceSchemaLocation="http://jmri.org/xml/schema/layout-5-5-5.xsd">
  <jmriversion>
    <major>5</major>
    <minor>10</minor>
    <test>0</test>
    <modifier />
  </jmriversion>
  <sensors class="jmri.jmrix.loconet.configurexml.LnSensorManagerXml">
    <sensor inverted="false">
      <systemName>LS17</systemName>
    </sensor>
    <sensor inverted="false">
      <systemName>LS18</systemName>
    </sensor>
    <sensor inverted="false">
      <systemName>LS19</systemName>
    </sensor>
    <sensor inverted="false">
      <systemName>LS20</systemName>
    </sensor>
    <sensor inverted="false">
      <systemName>LS21</systemName>
    </sensor>
    <sensor inverted="false">
      <systemName>LS22</systemName>
    </sensor>
    <sensor inverted="false">
      <systemName>LS23</systemName>
    </sensor>
    <sensor inverted="false">
      <systemName>LS24</systemName>
    </sensor>
    <sensor inverted="false">
      <systemName>LS25</systemName>
    </sensor>
    <sensor inverted="false">
      <systemName>LS26</systemName>
    </sensor>
    <sensor inverted="false">
      <systemName>LS27</systemName>
    </sensor>
    <sensor inverted="false">
      <systemName>LS28</systemName>
    </sensor>
    <sensor inverted="false">
      <systemName>LS29</systemName>
    </sensor>
    <sensor inverted="false">
      <systemName>LS30</systemName>
    </sensor>
    <sensor inverted="false">
      <systemName>LS31</systemName>
    </sensor>
    <sensor inverted="false">
      <systemName>LS32</systemName>
    </sensor>
    <sensor inverted="false">
      <systemName>LS33</systemName>
    </sensor>
    <sensor inverted="false">
      <systemName>LS34</systemName>
    </sensor>
    <sensor inverted="false">
      <systemName>LS35</systemName>
    </sensor>
    <sensor inverted="false">
      <systemName>LS36</systemName>
    </sensor>
    <sensor inverted="false">
      <systemName>LS37</systemName>
    </sensor>
    <sensor inverted="false">
      <systemName>LS38</systemName>
    </sensor>
    <sensor inverted="false">
      <systemName>LS39</systemName>
    </sensor>
    <sensor inverted="false">
      <systemName>LS40</systemName>
    </sensor>
    <sensor inverted="false">
      <systemName>LS41</systemName>
    </sensor>
    <sensor inverted="false">
      <systemName>LS42</systemName>
    </sensor>
    <sensor inverted="false">
      <systemName>LS43</systemName>
    </sensor>
    <sensor inverted="false">
      <systemName>LS44</systemName>
    </sensor>
    <sensor inverted="false">
      <systemName>LS45</systemName>
    </sensor>
    <sensor inverted="false">
      <systemName>LS46</systemName>
    </sensor>
    <sensor inverted="false">
      <systemName>LS47</systemName>
    </sensor>
    <sensor inverted="false">
      <systemName>LS48</systemName>
    </sensor>
    <sensor inverted="false">
      <systemName>LS99</systemName>
    </sensor>
    <sensor inverted="false">
      <systemName>LS100</systemName>
    </sensor>
    <sensor inverted="false">
      <systemName>LS101</systemName>
    </sensor>
    <sensor inverted="false">
      <systemName>LS102</systemName>
    </sensor>
    <sensor inverted="false">
      <systemName>LS103</systemName>
    </sensor>
    <sensor inverted="false">
      <systemName>LS104</systemName>
    </sensor>
    <sensor inverted="false">
      <systemName>LS105</systemName>
    </sensor>
    <sensor inverted="false">
      <systemName>LS106</systemName>
    </sensor>
    <sensor inverted="false">
      <systemName>LS139</systemName>
    </sensor>
    <sensor inverted="false">
      <systemName>LS140</systemName>
    </sensor>
    <sensor inverted="false">
      <systemName>LS141</systemName>
    </sensor>
    <sensor inverted="false">
      <systemName>LS142</systemName>
    </sensor>
    <sensor inverted="false">
      <systemName>LS143</systemName>
    </sensor>
    <sensor inverted="false">
      <systemName>LS144</systemName>
    </sensor>
    <sensor inverted="false">
      <systemName>LS145</systemName>
    </sensor>
    <sensor inverted="false">
      <systemName>LS146</systemName>
    </sensor>
    <sensor inverted="false">
      <systemName>LS159</systemName>
    </sensor>
    <sensor inverted="false">
      <systemName>LS160</systemName>
    </sensor>
    <sensor inverted="false">
      <systemName>LS161</systemName>
    </sensor>
    <sensor inverted="false">
      <systemName>LS162</systemName>
    </sensor>
    <sensor inverted="false">
      <systemName>LS163</systemName>
    </sensor>
    <sensor inverted="false">
      <systemName>LS164</systemName>
    </sensor>
    <sensor inverted="false">
      <systemName>LS165</systemName>
    </sensor>
    <sensor inverted="false">
      <systemName>LS166</systemName>
    </sensor>
  </sensors>
  <sensors class="jmri.jmrix.internal.configurexml.InternalSensorManagerXml">
    <defaultInitialState>unknown</defaultInitialState>
    <sensor inverted="false">
      <systemName>ISCLOCKRUNNING</systemName>
    </sensor>
  </sensors>
  <turnouts class="jmri.jmrix.loconet.configurexml.LnTurnoutManagerXml">
    <operations automate="false">
      <operation name="NoFeedback" class="jmri.configurexml.turnoutoperations.NoFeedbackTurnoutOperationXml" interval="300" maxtries="2" />
      <operation name="Raw" class="jmri.configurexml.turnoutoperations.RawTurnoutOperationXml" interval="300" maxtries="1" />
      <operation name="Sensor" class="jmri.configurexml.turnoutoperations.SensorTurnoutOperationXml" interval="300" maxtries="3" />
    </operations>
    <defaultclosedspeed>Normal</defaultclosedspeed>
    <defaultthrownspeed>Restricted</defaultthrownspeed>
    <turnout feedback="MONITORING" inverted="false" automate="Off">
      <systemName>LT50</systemName>
    </turnout>
    <turnout feedback="MONITORING" inverted="false" automate="Off">
      <systemName>LT51</systemName>
    </turnout>
    <turnout feedback="MONITORING" inverted="false" automate="Off">
      <systemName>LT52</systemName>
    </turnout>
    <turnout feedback="MONITORING" inverted="false" automate="Off">
      <systemName>LT53</systemName>
    </turnout>
    <turnout feedback="MONITORING" inverted="false" automate="Off">
      <systemName>LT70</systemName>
    </turnout>
    <turnout feedback="MONITORING" inverted="false" automate="Off">
      <systemName>LT71</systemName>
    </turnout>
    <turnout feedback="MONITORING" inverted="false" automate="Off">
      <systemName>LT72</systemName>
    </turnout>
    <turnout feedback="MONITORING" inverted="false" automate="Off">
      <systemName>LT73</systemName>
    </turnout>
    <turnout feedback="MONITORING" inverted="false" automate="Off">
      <systemName>LT80</systemName>
    </turnout>
    <turnout feedback="MONITORING" inverted="false" automate="Off">
      <systemName>LT81</systemName>
    </turnout>
    <turnout feedback="MONITORING" inverted="false" automate="Off">
      <systemName>LT82</systemName>
    </turnout>
    <turnout feedback="MONITORING" inverted="false" automate="Off">
      <systemName>LT83</systemName>
    </turnout>
  </turnouts>
  <memories class="jmri.managers.configurexml.DefaultMemoryManagerXml">
    <memory value="5:16 PM">
      <systemName>IMCURRENTTIME</systemName>
    </memory>
    <memory value="1.0">
      <systemName>IMRATEFACTOR</systemName>
    </memory>
  </memories>
  <signalmastlogics class="jmri.managers.configurexml.DefaultSignalMastLogicManagerXml">
    <logicDelay>500</logicDelay>
  </signalmastlogics>
  <meters class="jmri.managers.configurexml.AbstractMeterManagerXml">
    <meter>
      <systemName>LVDB210(s/n3740)InputCurrent</systemName>
    </meter>
    <meter>
      <systemName>LVDB210(s/n3740)Voltage</systemName>
    </meter>
    <meter>
      <systemName>LVDB210(s/n3773)InputCurrent</systemName>
    </meter>
    <meter>
      <systemName>LVDB210(s/n3773)Voltage</systemName>
    </meter>
    <meter>
      <systemName>LVDCS240+(s/n5382)InputCurrent</systemName>
    </meter>
    <meter>
      <systemName>LVDCS240+(s/n5382)Voltage</systemName>
    </meter>
    <meter>
      <systemName>LVDCS52(s/n4791)InputCurrent</systemName>
    </meter>
    <meter>
      <systemName>LVDCS52(s/n4791)Voltage</systemName>
    </meter>
    <meter>
      <systemName>LVPR4(s/n2091)InputCurrent</systemName>
    </meter>
    <meter>
      <systemName>LVPR4(s/n2091)Voltage</systemName>
    </meter>
    <meter>
      <systemName>LV[116](s/n3359)InputCurrent</systemName>
    </meter>
    <meter>
      <systemName>LV[116](s/n3359)Voltage</systemName>
    </meter>
    <meter>
      <systemName>LV[67](s/n4184)InputCurrent</systemName>
    </meter>
    <meter>
      <systemName>LV[67](s/n4184)Voltage</systemName>
    </meter>
    <meter>
      <systemName>LV[67](s/n4204)InputCurrent</systemName>
    </meter>
    <meter>
      <systemName>LV[67](s/n4204)Voltage</systemName>
    </meter>
    <meter>
      <systemName>LV[70](s/n1802)InputCurrent</systemName>
    </meter>
    <meter>
      <systemName>LV[70](s/n1802)Voltage</systemName>
    </meter>
    <meter>
      <systemName>LV[70](s/n2166)InputCurrent</systemName>
    </meter>
    <meter>
      <systemName>LV[70](s/n2166)Voltage</systemName>
    </meter>
  </meters>
  <timebase class="jmri.jmrit.simpleclock.configurexml.SimpleTimebaseXml" time="Fri Mar 07 16:09:25 CET 2025" rate="1.0" startrate="1.0" run="yes" master="yes" sync="no" correct="no" display="no" startstopped="no" startrunning="yes" startsettime="no" startclockoption="0" showbutton="no" startsetrate="yes" />
  <LayoutEditor class="jmri.jmrit.display.layoutEditor.configurexml.LayoutEditorXml" name="My Layout" x="-7" y="-7" windowheight="687" windowwidth="1295" panelheight="150" panelwidth="1451" sliders="no" scrollable="none" editable="yes" positionable="yes" controlling="yes" animating="yes" showhelpbar="no" drawgrid="yes" snaponadd="no" snaponmove="no" antialiasing="no" turnoutcircles="no" tooltipsnotedit="no" tooltipsinedit="yes" mainlinetrackwidth="4" xscale="1.0" yscale="1.0" sidetrackwidth="2" defaulttrackcolor="darkGray" defaultoccupiedtrackcolor="red" defaultalternativetrackcolor="white" defaulttextcolor="black" turnoutcirclecolor="black" turnoutcirclesize="4" turnoutdrawunselectedleg="yes" turnoutbx="20.0" turnoutcx="20.0" turnoutwid="10.0" xoverlong="30.0" xoverhwid="10.0" xovershort="10.0" autoblkgenerate="no" redBackground="192" greenBackground="192" blueBackground="192" gridSize="10" gridSize2nd="10" openDispatcher="no" useDirectTurnoutControl="no">
    <layoutTrackDrawingOptions name="My Layout" class="jmri.jmrit.display.layoutEditor.configurexml.LayoutTrackDrawingOptionsXml">
      <mainBallastColor>#000000</mainBallastColor>
      <mainBallastWidth>0</mainBallastWidth>
      <mainBlockLineDashPercentageX10>0</mainBlockLineDashPercentageX10>
      <mainBlockLineWidth>4</mainBlockLineWidth>
      <mainRailColor>#404040</mainRailColor>
      <mainRailCount>1</mainRailCount>
      <mainRailGap>0</mainRailGap>
      <mainRailWidth>2</mainRailWidth>
      <mainTieColor>#000000</mainTieColor>
      <mainTieGap>0</mainTieGap>
      <mainTieLength>0</mainTieLength>
      <mainTieWidth>0</mainTieWidth>
      <sideBallastColor>#000000</sideBallastColor>
      <sideBallastWidth>0</sideBallastWidth>
      <sideBlockLineDashPercentageX10>0</sideBlockLineDashPercentageX10>
      <sideBlockLineWidth>2</sideBlockLineWidth>
      <sideRailColor>#404040</sideRailColor>
      <sideRailCount>1</sideRailCount>
      <sideRailGap>0</sideRailGap>
      <sideRailWidth>1</sideRailWidth>
      <sideTieColor>#000000</sideTieColor>
      <sideTieGap>0</sideTieGap>
      <sideTieLength>0</sideTieLength>
      <sideTieWidth>0</sideTieWidth>
    </layoutTrackDrawingOptions>
    <layoutturnout ident="TO2" type="RH_TURNOUT" hidden="no" disabled="no" disableWhenOccupied="no" showtooltip="yes" continuing="2" xcen="1020.0" ycen="30.0" xa="1000.0" ya="30.0" xb="1040.0" yb="30.0" xc="1040.0" yc="40.0" xd="1000.0" yd="30.0" ver="1" class="jmri.jmrit.display.layoutEditor.configurexml.LayoutRHTurnoutXml" connectaname="T18" connectbname="T19" connectcname="T22" />
    <layoutturnout ident="TO3" type="LH_TURNOUT" hidden="no" disabled="no" disableWhenOccupied="no" showtooltip="yes" continuing="2" xcen="600.0" ycen="100.0" xa="580.0" ya="100.0" xb="620.0" yb="100.0" xc="620.0" yc="90.0" xd="580.0" yd="100.0" ver="1" class="jmri.jmrit.display.layoutEditor.configurexml.LayoutLHTurnoutXml" connectaname="T26" connectbname="T31" connectcname="T27" />
    <layoutturnout ident="TO6" type="RH_TURNOUT" hidden="no" disabled="no" disableWhenOccupied="no" showtooltip="yes" continuing="2" xcen="920.0" ycen="100.0" xa="940.0" ya="100.0" xb="900.0" yb="100.0" xc="900.0" yc="90.0" xd="940.0" yd="100.0" ver="1" class="jmri.jmrit.display.layoutEditor.configurexml.LayoutRHTurnoutXml" connectaname="T37" connectbname="T33" connectcname="T30" />
    <layoutturnout ident="TO7" type="LH_TURNOUT" hidden="no" disabled="no" disableWhenOccupied="no" showtooltip="yes" continuing="2" xcen="1229.0" ycen="100.0" xa="1209.0" ya="100.0" xb="1249.0" yb="100.0" xc="1249.0" yc="90.0" xd="1209.0" yd="100.0" ver="1" class="jmri.jmrit.display.layoutEditor.configurexml.LayoutLHTurnoutXml" connectaname="T38" connectbname="T42" connectcname="T41" />
    <layoutturnout ident="TO9" type="LH_TURNOUT" hidden="no" disabled="no" disableWhenOccupied="no" showtooltip="yes" continuing="2" xcen="1282.0" ycen="59.0" xa="1297.0" ya="59.0" xb="1267.0" yb="59.0" xc="1264.0" yc="76.0" xd="1297.0" yd="59.0" ver="1" class="jmri.jmrit.display.layoutEditor.configurexml.LayoutLHTurnoutXml" connectaname="T25" connectbname="T40" connectcname="T41" />
    <tracksegment ident="T1" connect1name="EB2" type1="POS_POINT" connect2name="A2" type2="POS_POINT" dashed="no" mainline="yes" hidden="no" class="jmri.jmrit.display.layoutEditor.configurexml.TrackSegmentXml">
      <decorations>
        <bumper end="start" color="#000000" linewidth="8" length="8" />
      </decorations>
    </tracksegment>
    <tracksegment ident="T2" connect1name="A2" type1="POS_POINT" connect2name="A4" type2="POS_POINT" dashed="no" mainline="yes" hidden="no" class="jmri.jmrit.display.layoutEditor.configurexml.TrackSegmentXml" />
    <tracksegment ident="T3" connect1name="A4" type1="POS_POINT" connect2name="A6" type2="POS_POINT" dashed="no" mainline="yes" hidden="no" class="jmri.jmrit.display.layoutEditor.configurexml.TrackSegmentXml" />
    <tracksegment ident="T6" connect1name="A6" type1="POS_POINT" connect2name="SL2" type2="SLIP_A" dashed="no" mainline="yes" hidden="no" class="jmri.jmrit.display.layoutEditor.configurexml.TrackSegmentXml" />
    <tracksegment ident="T7" connect1name="SL2" type1="SLIP_C" connect2name="A12" type2="POS_POINT" dashed="no" mainline="yes" hidden="no" class="jmri.jmrit.display.layoutEditor.configurexml.TrackSegmentXml" />
    <tracksegment ident="T8" connect1name="SL2" type1="SLIP_D" connect2name="A13" type2="POS_POINT" dashed="no" mainline="yes" hidden="no" class="jmri.jmrit.display.layoutEditor.configurexml.TrackSegmentXml" />
    <tracksegment ident="T9" connect1name="EB3" type1="POS_POINT" connect2name="A16" type2="POS_POINT" dashed="no" mainline="yes" hidden="no" class="jmri.jmrit.display.layoutEditor.configurexml.TrackSegmentXml">
      <decorations>
        <bumper end="start" color="#000000" linewidth="8" length="8" />
      </decorations>
    </tracksegment>
    <tracksegment ident="T10" connect1name="A16" type1="POS_POINT" connect2name="A15" type2="POS_POINT" dashed="no" mainline="yes" hidden="no" class="jmri.jmrit.display.layoutEditor.configurexml.TrackSegmentXml" />
    <tracksegment ident="T11" connect1name="A15" type1="POS_POINT" connect2name="A14" type2="POS_POINT" dashed="no" mainline="yes" hidden="no" class="jmri.jmrit.display.layoutEditor.configurexml.TrackSegmentXml" />
    <tracksegment ident="T12" connect1name="A14" type1="POS_POINT" connect2name="SL2" type2="SLIP_B" dashed="no" mainline="yes" hidden="no" class="jmri.jmrit.display.layoutEditor.configurexml.TrackSegmentXml" />
    <tracksegment ident="T13" connect1name="A13" type1="POS_POINT" connect2name="A18" type2="POS_POINT" dashed="no" mainline="yes" hidden="no" class="jmri.jmrit.display.layoutEditor.configurexml.TrackSegmentXml" />
    <tracksegment ident="T14" connect1name="A18" type1="POS_POINT" connect2name="A19" type2="POS_POINT" dashed="no" mainline="yes" hidden="no" class="jmri.jmrit.display.layoutEditor.configurexml.TrackSegmentXml" />
    <tracksegment ident="T15" connect1name="A19" type1="POS_POINT" connect2name="A21" type2="POS_POINT" dashed="no" mainline="yes" hidden="no" class="jmri.jmrit.display.layoutEditor.configurexml.TrackSegmentXml" />
    <tracksegment ident="T16" connect1name="A21" type1="POS_POINT" connect2name="A23" type2="POS_POINT" dashed="no" mainline="yes" hidden="no" class="jmri.jmrit.display.layoutEditor.configurexml.TrackSegmentXml" />
    <tracksegment ident="T18" connect1name="A23" type1="POS_POINT" connect2name="TO2" type2="TURNOUT_A" dashed="no" mainline="yes" hidden="no" class="jmri.jmrit.display.layoutEditor.configurexml.TrackSegmentXml" />
    <tracksegment ident="T19" connect1name="TO2" type1="TURNOUT_B" connect2name="A27" type2="POS_POINT" dashed="no" mainline="yes" hidden="no" class="jmri.jmrit.display.layoutEditor.configurexml.TrackSegmentXml" />
    <tracksegment ident="T20" connect1name="A27" type1="POS_POINT" connect2name="A28" type2="POS_POINT" dashed="no" mainline="yes" hidden="no" class="jmri.jmrit.display.layoutEditor.configurexml.TrackSegmentXml" />
    <tracksegment ident="T21" connect1name="A28" type1="POS_POINT" connect2name="EB4" type2="POS_POINT" dashed="no" mainline="yes" hidden="no" class="jmri.jmrit.display.layoutEditor.configurexml.TrackSegmentXml">
      <decorations>
        <bumper end="stop" color="#000000" linewidth="8" length="8" />
      </decorations>
    </tracksegment>
    <tracksegment ident="T22" connect1name="TO2" type1="TURNOUT_C" connect2name="A30" type2="POS_POINT" dashed="no" mainline="yes" hidden="no" class="jmri.jmrit.display.layoutEditor.configurexml.TrackSegmentXml" />
    <tracksegment ident="T23" connect1name="A30" type1="POS_POINT" connect2name="A31" type2="POS_POINT" dashed="no" mainline="yes" hidden="no" class="jmri.jmrit.display.layoutEditor.configurexml.TrackSegmentXml" />
    <tracksegment ident="T25" connect1name="TO9" type1="TURNOUT_A" connect2name="EB5" type2="POS_POINT" dashed="no" mainline="yes" hidden="no" class="jmri.jmrit.display.layoutEditor.configurexml.TrackSegmentXml">
      <decorations>
        <bumper end="stop" color="#000000" linewidth="8" length="8" />
      </decorations>
    </tracksegment>
    <tracksegment ident="T26" connect1name="A12" type1="POS_POINT" connect2name="TO3" type2="TURNOUT_A" dashed="no" mainline="yes" hidden="no" class="jmri.jmrit.display.layoutEditor.configurexml.TrackSegmentXml" />
    <tracksegment ident="T27" connect1name="TO3" type1="TURNOUT_C" connect2name="A34" type2="POS_POINT" dashed="no" mainline="yes" hidden="no" class="jmri.jmrit.display.layoutEditor.configurexml.TrackSegmentXml" />
    <tracksegment ident="T28" connect1name="A34" type1="POS_POINT" connect2name="A36" type2="POS_POINT" dashed="no" mainline="yes" hidden="no" class="jmri.jmrit.display.layoutEditor.configurexml.TrackSegmentXml" />
    <tracksegment ident="T30" connect1name="A36" type1="POS_POINT" connect2name="TO6" type2="TURNOUT_C" dashed="no" mainline="yes" hidden="no" class="jmri.jmrit.display.layoutEditor.configurexml.TrackSegmentXml" />
    <tracksegment ident="T31" connect1name="TO3" type1="TURNOUT_B" connect2name="A37" type2="POS_POINT" dashed="no" mainline="yes" hidden="no" class="jmri.jmrit.display.layoutEditor.configurexml.TrackSegmentXml" />
    <tracksegment ident="T32" connect1name="A37" type1="POS_POINT" connect2name="A38" type2="POS_POINT" dashed="no" mainline="yes" hidden="no" class="jmri.jmrit.display.layoutEditor.configurexml.TrackSegmentXml" />
    <tracksegment ident="T33" connect1name="A38" type1="POS_POINT" connect2name="TO6" type2="TURNOUT_B" dashed="no" mainline="yes" hidden="no" class="jmri.jmrit.display.layoutEditor.configurexml.TrackSegmentXml" />
    <tracksegment ident="T35" connect1name="A39" type1="POS_POINT" connect2name="A40" type2="POS_POINT" dashed="no" mainline="yes" hidden="no" class="jmri.jmrit.display.layoutEditor.configurexml.TrackSegmentXml" />
    <tracksegment ident="T37" connect1name="TO6" type1="TURNOUT_A" connect2name="A39" type2="POS_POINT" dashed="no" mainline="yes" hidden="no" class="jmri.jmrit.display.layoutEditor.configurexml.TrackSegmentXml" />
    <tracksegment ident="T38" connect1name="A40" type1="POS_POINT" connect2name="TO7" type2="TURNOUT_A" dashed="no" mainline="yes" hidden="no" class="jmri.jmrit.display.layoutEditor.configurexml.TrackSegmentXml" />
    <tracksegment ident="T40" connect1name="A31" type1="POS_POINT" connect2name="TO9" type2="TURNOUT_B" dashed="no" mainline="yes" hidden="no" class="jmri.jmrit.display.layoutEditor.configurexml.TrackSegmentXml" />
    <tracksegment ident="T41" connect1name="TO9" type1="TURNOUT_C" connect2name="TO7" type2="TURNOUT_C" dashed="no" mainline="yes" hidden="no" class="jmri.jmrit.display.layoutEditor.configurexml.TrackSegmentXml" />
    <tracksegment ident="T42" connect1name="TO7" type1="TURNOUT_B" connect2name="A44" type2="POS_POINT" dashed="no" mainline="yes" hidden="no" class="jmri.jmrit.display.layoutEditor.configurexml.TrackSegmentXml" />
    <tracksegment ident="T43" connect1name="A44" type1="POS_POINT" connect2name="EB6" type2="POS_POINT" dashed="no" mainline="yes" hidden="no" class="jmri.jmrit.display.layoutEditor.configurexml.TrackSegmentXml">
      <decorations>
        <bumper end="stop" color="#000000" linewidth="8" length="8" />
      </decorations>
    </tracksegment>
    <positionablepoint ident="EB2" type="END_BUMPER" x="100.0" y="30.0" connect1name="T1" class="jmri.jmrit.display.layoutEditor.configurexml.PositionablePointXml" />
    <positionablepoint ident="A2" type="ANCHOR" x="200.0" y="30.0" connect1name="T1" connect2name="T2" class="jmri.jmrit.display.layoutEditor.configurexml.PositionablePointXml" />
    <positionablepoint ident="A4" type="ANCHOR" x="300.0" y="30.0" connect1name="T2" connect2name="T3" class="jmri.jmrit.display.layoutEditor.configurexml.PositionablePointXml" />
    <positionablepoint ident="A6" type="ANCHOR" x="398.0" y="29.0" connect1name="T3" connect2name="T6" class="jmri.jmrit.display.layoutEditor.configurexml.PositionablePointXml" />
    <positionablepoint ident="A12" type="ANCHOR" x="500.0" y="100.0" connect1name="T7" connect2name="T26" class="jmri.jmrit.display.layoutEditor.configurexml.PositionablePointXml" />
    <positionablepoint ident="A13" type="ANCHOR" x="500.0" y="30.0" connect1name="T8" connect2name="T13" class="jmri.jmrit.display.layoutEditor.configurexml.PositionablePointXml" />
    <positionablepoint ident="A14" type="ANCHOR" x="400.0" y="100.0" connect1name="T11" connect2name="T12" class="jmri.jmrit.display.layoutEditor.configurexml.PositionablePointXml" />
    <positionablepoint ident="A15" type="ANCHOR" x="300.0" y="100.0" connect1name="T10" connect2name="T11" class="jmri.jmrit.display.layoutEditor.configurexml.PositionablePointXml" />
    <positionablepoint ident="A16" type="ANCHOR" x="200.0" y="100.0" connect1name="T9" connect2name="T10" class="jmri.jmrit.display.layoutEditor.configurexml.PositionablePointXml" />
    <positionablepoint ident="EB3" type="END_BUMPER" x="100.0" y="100.0" connect1name="T9" class="jmri.jmrit.display.layoutEditor.configurexml.PositionablePointXml" />
    <positionablepoint ident="A18" type="ANCHOR" x="600.0" y="30.0" connect1name="T13" connect2name="T14" class="jmri.jmrit.display.layoutEditor.configurexml.PositionablePointXml" />
    <positionablepoint ident="A19" type="ANCHOR" x="700.0" y="30.0" connect1name="T14" connect2name="T15" class="jmri.jmrit.display.layoutEditor.configurexml.PositionablePointXml" />
    <positionablepoint ident="A21" type="ANCHOR" x="800.0" y="30.0" connect1name="T15" connect2name="T16" class="jmri.jmrit.display.layoutEditor.configurexml.PositionablePointXml" />
    <positionablepoint ident="A23" type="ANCHOR" x="900.0" y="30.0" connect1name="T16" connect2name="T18" class="jmri.jmrit.display.layoutEditor.configurexml.PositionablePointXml" />
    <positionablepoint ident="A27" type="ANCHOR" x="1200.0" y="30.0" connect1name="T19" connect2name="T20" class="jmri.jmrit.display.layoutEditor.configurexml.PositionablePointXml" />
    <positionablepoint ident="A28" type="ANCHOR" x="1300.0" y="30.0" connect1name="T20" connect2name="T21" class="jmri.jmrit.display.layoutEditor.configurexml.PositionablePointXml" />
    <positionablepoint ident="EB4" type="END_BUMPER" x="1400.0" y="30.0" connect1name="T21" class="jmri.jmrit.display.layoutEditor.configurexml.PositionablePointXml" />
    <positionablepoint ident="A30" type="ANCHOR" x="1098.0" y="61.0" connect1name="T22" connect2name="T23" class="jmri.jmrit.display.layoutEditor.configurexml.PositionablePointXml" />
    <positionablepoint ident="A31" type="ANCHOR" x="1200.0" y="60.0" connect1name="T23" connect2name="T40" class="jmri.jmrit.display.layoutEditor.configurexml.PositionablePointXml" />
    <positionablepoint ident="EB5" type="END_BUMPER" x="1400.0" y="60.0" connect1name="T25" class="jmri.jmrit.display.layoutEditor.configurexml.PositionablePointXml" />
    <positionablepoint ident="A34" type="ANCHOR" x="700.0" y="80.0" connect1name="T27" connect2name="T28" class="jmri.jmrit.display.layoutEditor.configurexml.PositionablePointXml" />
    <positionablepoint ident="A36" type="ANCHOR" x="800.0" y="80.0" connect1name="T28" connect2name="T30" class="jmri.jmrit.display.layoutEditor.configurexml.PositionablePointXml" />
    <positionablepoint ident="A37" type="ANCHOR" x="700.0" y="100.0" connect1name="T31" connect2name="T32" class="jmri.jmrit.display.layoutEditor.configurexml.PositionablePointXml" />
    <positionablepoint ident="A38" type="ANCHOR" x="800.0" y="100.0" connect1name="T32" connect2name="T33" class="jmri.jmrit.display.layoutEditor.configurexml.PositionablePointXml" />
    <positionablepoint ident="A39" type="ANCHOR" x="1000.0" y="100.0" connect1name="T35" connect2name="T37" class="jmri.jmrit.display.layoutEditor.configurexml.PositionablePointXml" />
    <positionablepoint ident="A40" type="ANCHOR" x="1100.0" y="100.0" connect1name="T35" connect2name="T38" class="jmri.jmrit.display.layoutEditor.configurexml.PositionablePointXml" />
    <positionablepoint ident="A44" type="ANCHOR" x="1300.0" y="100.0" connect1name="T42" connect2name="T43" class="jmri.jmrit.display.layoutEditor.configurexml.PositionablePointXml" />
    <positionablepoint ident="EB6" type="END_BUMPER" x="1401.0" y="100.0" connect1name="T43" class="jmri.jmrit.display.layoutEditor.configurexml.PositionablePointXml" />
    <layoutSlip ident="SL2" slipType="SINGLE_SLIP" hidden="no" disabled="no" disableWhenOccupied="no" showtooltip="yes" xcen="450.0" ycen="70.0" xa="430.0" ya="70.0" xb="436.0" yb="84.0" connectaname="T6" connectbname="T12" connectcname="T7" connectdname="T8" class="jmri.jmrit.display.layoutEditor.configurexml.LayoutSingleSlipXml">
      <states>
        <A-C>
          <turnout>2</turnout>
          <turnoutB>2</turnoutB>
        </A-C>
        <A-D>
          <turnout>2</turnout>
          <turnoutB>4</turnoutB>
        </A-D>
        <B-D>
          <turnout>4</turnout>
          <turnoutB>4</turnoutB>
        </B-D>
      </states>
    </layoutSlip>
  </LayoutEditor>
  <filehistory>
    <operation>
      <type>app</type>
      <date>Fri Mar 07 16:09:25 CET 2025</date>
      <filename>PanelPro (v5.10.0)</filename>
    </operation>
    <operation>
      <type>Store</type>
      <date>Fri Mar 07 17:16:26 CET 2025</date>
      <filename>C:\Users\LOK_1\JMRI\LOK_1.jmri\Lok_1.xml</filename>
    </operation>
  </filehistory>
  <!--Written by JMRI version 5.10+Rca461bd266 on Fri Mar 07 17:16:26 CET 2025-->
</layout-config>
