<?xml version="1.0" encoding="UTF-8"?>
<?xml-stylesheet href="/xml/XSLT/panelfile-5-5-5.xsl" type="text/xsl"?>
<layout-config xmlns:xsi="http://www.w3.org/2001/XMLSchema-instance" xsi:noNamespaceSchemaLocation="http://jmri.org/xml/schema/layout-5-5-5.xsd">
  <jmriversion>
    <major>5</major>
    <minor>10</minor>
    <test>0</test>
    <modifier />
  </jmriversion>
  <sensors class="jmri.jmrix.loconet.configurexml.LnSensorManagerXml">
    <sensor inverted="false">
      <systemName>LS17</systemName>
    </sensor>
    <sensor inverted="false">
      <systemName>LS18</systemName>
    </sensor>
    <sensor inverted="false">
      <systemName>LS19</systemName>
    </sensor>
    <sensor inverted="false">
      <systemName>LS20</systemName>
    </sensor>
    <sensor inverted="false">
      <systemName>LS21</systemName>
    </sensor>
    <sensor inverted="false">
      <systemName>LS22</systemName>
    </sensor>
    <sensor inverted="false">
      <systemName>LS23</systemName>
    </sensor>
    <sensor inverted="false">
      <systemName>LS24</systemName>
    </sensor>
    <sensor inverted="false">
      <systemName>LS25</systemName>
    </sensor>
    <sensor inverted="false">
      <systemName>LS26</systemName>
    </sensor>
    <sensor inverted="false">
      <systemName>LS27</systemName>
    </sensor>
    <sensor inverted="false">
      <systemName>LS28</systemName>
    </sensor>
    <sensor inverted="false">
      <systemName>LS29</systemName>
    </sensor>
    <sensor inverted="false">
      <systemName>LS30</systemName>
    </sensor>
    <sensor inverted="false">
      <systemName>LS31</systemName>
    </sensor>
    <sensor inverted="false">
      <systemName>LS32</systemName>
    </sensor>
    <sensor inverted="false">
      <systemName>LS33</systemName>
    </sensor>
    <sensor inverted="false">
      <systemName>LS34</systemName>
    </sensor>
    <sensor inverted="false">
      <systemName>LS35</systemName>
    </sensor>
    <sensor inverted="false">
      <systemName>LS36</systemName>
    </sensor>
    <sensor inverted="false">
      <systemName>LS37</systemName>
    </sensor>
    <sensor inverted="false">
      <systemName>LS38</systemName>
    </sensor>
    <sensor inverted="false">
      <systemName>LS39</systemName>
    </sensor>
    <sensor inverted="false">
      <systemName>LS40</systemName>
    </sensor>
    <sensor inverted="false">
      <systemName>LS41</systemName>
    </sensor>
    <sensor inverted="false">
      <systemName>LS42</systemName>
    </sensor>
    <sensor inverted="false">
      <systemName>LS43</systemName>
    </sensor>
    <sensor inverted="false">
      <systemName>LS44</systemName>
    </sensor>
    <sensor inverted="false">
      <systemName>LS45</systemName>
    </sensor>
    <sensor inverted="false">
      <systemName>LS46</systemName>
    </sensor>
    <sensor inverted="false">
      <systemName>LS47</systemName>
    </sensor>
    <sensor inverted="false">
      <systemName>LS48</systemName>
    </sensor>
    <sensor inverted="false">
      <systemName>LS99</systemName>
    </sensor>
    <sensor inverted="false">
      <systemName>LS100</systemName>
    </sensor>
    <sensor inverted="false">
      <systemName>LS101</systemName>
    </sensor>
    <sensor inverted="false">
      <systemName>LS102</systemName>
    </sensor>
    <sensor inverted="false">
      <systemName>LS103</systemName>
    </sensor>
    <sensor inverted="false">
      <systemName>LS104</systemName>
    </sensor>
    <sensor inverted="false">
      <systemName>LS105</systemName>
    </sensor>
    <sensor inverted="false">
      <systemName>LS106</systemName>
    </sensor>
    <sensor inverted="false">
      <systemName>LS139</systemName>
    </sensor>
    <sensor inverted="false">
      <systemName>LS140</systemName>
    </sensor>
    <sensor inverted="false">
      <systemName>LS141</systemName>
    </sensor>
    <sensor inverted="false">
      <systemName>LS142</systemName>
    </sensor>
    <sensor inverted="false">
      <systemName>LS143</systemName>
    </sensor>
    <sensor inverted="false">
      <systemName>LS144</systemName>
    </sensor>
    <sensor inverted="false">
      <systemName>LS145</systemName>
    </sensor>
    <sensor inverted="false">
      <systemName>LS146</systemName>
    </sensor>
    <sensor inverted="false">
      <systemName>LS159</systemName>
    </sensor>
    <sensor inverted="false">
      <systemName>LS160</systemName>
    </sensor>
    <sensor inverted="false">
      <systemName>LS161</systemName>
    </sensor>
    <sensor inverted="false">
      <systemName>LS162</systemName>
    </sensor>
    <sensor inverted="false">
      <systemName>LS163</systemName>
    </sensor>
    <sensor inverted="false">
      <systemName>LS164</systemName>
    </sensor>
    <sensor inverted="false">
      <systemName>LS165</systemName>
    </sensor>
    <sensor inverted="false">
      <systemName>LS166</systemName>
    </sensor>
  </sensors>
  <sensors class="jmri.jmrix.internal.configurexml.InternalSensorManagerXml">
    <defaultInitialState>unknown</defaultInitialState>
    <sensor inverted="false">
      <systemName>ISCLOCKRUNNING</systemName>
    </sensor>
  </sensors>
  <turnouts class="jmri.jmrix.loconet.configurexml.LnTurnoutManagerXml">
    <operations automate="false">
      <operation name="NoFeedback" class="jmri.configurexml.turnoutoperations.NoFeedbackTurnoutOperationXml" interval="300" maxtries="2" />
      <operation name="Raw" class="jmri.configurexml.turnoutoperations.RawTurnoutOperationXml" interval="300" maxtries="1" />
      <operation name="Sensor" class="jmri.configurexml.turnoutoperations.SensorTurnoutOperationXml" interval="300" maxtries="3" />
    </operations>
    <defaultclosedspeed>Normal</defaultclosedspeed>
    <defaultthrownspeed>Restricted</defaultthrownspeed>
    <turnout feedback="MONITORING" inverted="false" automate="Off">
      <systemName>LT50</systemName>
    </turnout>
    <turnout feedback="MONITORING" inverted="false" automate="Off">
      <systemName>LT51</systemName>
    </turnout>
    <turnout feedback="MONITORING" inverted="false" automate="Off">
      <systemName>LT52</systemName>
    </turnout>
    <turnout feedback="MONITORING" inverted="false" automate="Off">
      <systemName>LT53</systemName>
    </turnout>
    <turnout feedback="MONITORING" inverted="false" automate="Off">
      <systemName>LT70</systemName>
    </turnout>
    <turnout feedback="MONITORING" inverted="false" automate="Off">
      <systemName>LT71</systemName>
    </turnout>
    <turnout feedback="MONITORING" inverted="false" automate="Off">
      <systemName>LT72</systemName>
    </turnout>
    <turnout feedback="MONITORING" inverted="false" automate="Off">
      <systemName>LT73</systemName>
    </turnout>
    <turnout feedback="MONITORING" inverted="false" automate="Off">
      <systemName>LT80</systemName>
    </turnout>
    <turnout feedback="MONITORING" inverted="false" automate="Off">
      <systemName>LT81</systemName>
    </turnout>
    <turnout feedback="MONITORING" inverted="false" automate="Off">
      <systemName>LT82</systemName>
    </turnout>
    <turnout feedback="MONITORING" inverted="false" automate="Off">
      <systemName>LT83</systemName>
    </turnout>
  </turnouts>
  <memories class="jmri.managers.configurexml.DefaultMemoryManagerXml">
    <memory value="4:10 PM">
      <systemName>IMCURRENTTIME</systemName>
    </memory>
    <memory value="1.0">
      <systemName>IMRATEFACTOR</systemName>
    </memory>
  </memories>
  <signalmastlogics class="jmri.managers.configurexml.DefaultSignalMastLogicManagerXml">
    <logicDelay>500</logicDelay>
  </signalmastlogics>
  <meters class="jmri.managers.configurexml.AbstractMeterManagerXml">
    <meter>
      <systemName>LVDB210(s/n3740)InputCurrent</systemName>
    </meter>
    <meter>
      <systemName>LVDB210(s/n3740)Voltage</systemName>
    </meter>
    <meter>
      <systemName>LVDB210(s/n3773)InputCurrent</systemName>
    </meter>
    <meter>
      <systemName>LVDB210(s/n3773)Voltage</systemName>
    </meter>
    <meter>
      <systemName>LVDCS240+(s/n5382)InputCurrent</systemName>
    </meter>
    <meter>
      <systemName>LVDCS240+(s/n5382)Voltage</systemName>
    </meter>
    <meter>
      <systemName>LVDCS52(s/n4791)InputCurrent</systemName>
    </meter>
    <meter>
      <systemName>LVDCS52(s/n4791)Voltage</systemName>
    </meter>
    <meter>
      <systemName>LVPR4(s/n2091)InputCurrent</systemName>
    </meter>
    <meter>
      <systemName>LVPR4(s/n2091)Voltage</systemName>
    </meter>
    <meter>
      <systemName>LV[116](s/n3359)InputCurrent</systemName>
    </meter>
    <meter>
      <systemName>LV[116](s/n3359)Voltage</systemName>
    </meter>
    <meter>
      <systemName>LV[67](s/n4184)InputCurrent</systemName>
    </meter>
    <meter>
      <systemName>LV[67](s/n4184)Voltage</systemName>
    </meter>
    <meter>
      <systemName>LV[67](s/n4204)InputCurrent</systemName>
    </meter>
    <meter>
      <systemName>LV[67](s/n4204)Voltage</systemName>
    </meter>
    <meter>
      <systemName>LV[70](s/n1802)InputCurrent</systemName>
    </meter>
    <meter>
      <systemName>LV[70](s/n1802)Voltage</systemName>
    </meter>
    <meter>
      <systemName>LV[70](s/n2166)InputCurrent</systemName>
    </meter>
    <meter>
      <systemName>LV[70](s/n2166)Voltage</systemName>
    </meter>
  </meters>
  <timebase class="jmri.jmrit.simpleclock.configurexml.SimpleTimebaseXml" time="Fri Mar 07 16:09:25 CET 2025" rate="1.0" startrate="1.0" run="yes" master="yes" sync="no" correct="no" display="no" startstopped="no" startrunning="yes" startsettime="no" startclockoption="0" showbutton="no" startsetrate="yes" />
  <filehistory>
    <operation>
      <type>app</type>
      <date>Fri Mar 07 16:09:25 CET 2025</date>
      <filename>PanelPro (v5.10.0)</filename>
    </operation>
    <operation>
      <type>Store</type>
      <date>Fri Mar 07 16:10:03 CET 2025</date>
      <filename>C:\Users\LOK_1\JMRI\LOK_1.jmri\Lok_1.xml</filename>
    </operation>
  </filehistory>
  <!--Written by JMRI version 5.10+Rca461bd266 on Fri Mar 07 16:10:03 CET 2025-->
</layout-config>
