<?xml version="1.0" encoding="UTF-8"?>
<?xml-stylesheet href="/xml/XSLT/panelfile-5-5-5.xsl" type="text/xsl"?>
<layout-config xmlns:xsi="http://www.w3.org/2001/XMLSchema-instance" xsi:noNamespaceSchemaLocation="http://jmri.org/xml/schema/layout-5-5-5.xsd">
  <jmriversion>
    <major>5</major>
    <minor>10</minor>
    <test>0</test>
    <modifier />
  </jmriversion>
  <sensors class="jmri.jmrix.loconet.configurexml.LnSensorManagerXml">
    <sensor inverted="false">
      <systemName>LS1</systemName>
    </sensor>
    <sensor inverted="false">
      <systemName>LS2</systemName>
    </sensor>
    <sensor inverted="false">
      <systemName>LS3</systemName>
    </sensor>
    <sensor inverted="false">
      <systemName>LS4</systemName>
    </sensor>
    <sensor inverted="false">
      <systemName>LS5</systemName>
    </sensor>
    <sensor inverted="false">
      <systemName>LS6</systemName>
    </sensor>
    <sensor inverted="false">
      <systemName>LS7</systemName>
    </sensor>
    <sensor inverted="false">
      <systemName>LS8</systemName>
    </sensor>
    <sensor inverted="false">
      <systemName>LS9</systemName>
    </sensor>
    <sensor inverted="false">
      <systemName>LS10</systemName>
    </sensor>
    <sensor inverted="false">
      <systemName>LS11</systemName>
    </sensor>
    <sensor inverted="false">
      <systemName>LS12</systemName>
    </sensor>
    <sensor inverted="false">
      <systemName>LS13</systemName>
    </sensor>
    <sensor inverted="false">
      <systemName>LS14</systemName>
    </sensor>
    <sensor inverted="false">
      <systemName>LS15</systemName>
    </sensor>
    <sensor inverted="false">
      <systemName>LS16</systemName>
    </sensor>
    <sensor inverted="false">
      <systemName>LS17</systemName>
    </sensor>
    <sensor inverted="false">
      <systemName>LS18</systemName>
    </sensor>
    <sensor inverted="false">
      <systemName>LS19</systemName>
    </sensor>
    <sensor inverted="false">
      <systemName>LS20</systemName>
    </sensor>
    <sensor inverted="false">
      <systemName>LS21</systemName>
    </sensor>
    <sensor inverted="false">
      <systemName>LS22</systemName>
    </sensor>
    <sensor inverted="false">
      <systemName>LS23</systemName>
    </sensor>
    <sensor inverted="false">
      <systemName>LS24</systemName>
    </sensor>
    <sensor inverted="false">
      <systemName>LS25</systemName>
    </sensor>
    <sensor inverted="false">
      <systemName>LS26</systemName>
    </sensor>
    <sensor inverted="false">
      <systemName>LS27</systemName>
    </sensor>
    <sensor inverted="false">
      <systemName>LS28</systemName>
    </sensor>
    <sensor inverted="false">
      <systemName>LS29</systemName>
    </sensor>
    <sensor inverted="false">
      <systemName>LS30</systemName>
    </sensor>
    <sensor inverted="false">
      <systemName>LS31</systemName>
    </sensor>
    <sensor inverted="false">
      <systemName>LS32</systemName>
    </sensor>
    <sensor inverted="false">
      <systemName>LS33</systemName>
    </sensor>
    <sensor inverted="false">
      <systemName>LS34</systemName>
    </sensor>
    <sensor inverted="false">
      <systemName>LS35</systemName>
    </sensor>
    <sensor inverted="false">
      <systemName>LS36</systemName>
    </sensor>
    <sensor inverted="false">
      <systemName>LS37</systemName>
    </sensor>
    <sensor inverted="false">
      <systemName>LS38</systemName>
    </sensor>
    <sensor inverted="false">
      <systemName>LS39</systemName>
    </sensor>
    <sensor inverted="false">
      <systemName>LS40</systemName>
    </sensor>
    <sensor inverted="false">
      <systemName>LS41</systemName>
    </sensor>
    <sensor inverted="false">
      <systemName>LS42</systemName>
    </sensor>
    <sensor inverted="false">
      <systemName>LS43</systemName>
    </sensor>
    <sensor inverted="false">
      <systemName>LS44</systemName>
    </sensor>
    <sensor inverted="false">
      <systemName>LS45</systemName>
    </sensor>
    <sensor inverted="false">
      <systemName>LS46</systemName>
    </sensor>
    <sensor inverted="false">
      <systemName>LS47</systemName>
    </sensor>
    <sensor inverted="false">
      <systemName>LS48</systemName>
    </sensor>
    <sensor inverted="false">
      <systemName>LS99</systemName>
    </sensor>
    <sensor inverted="false">
      <systemName>LS100</systemName>
    </sensor>
    <sensor inverted="false">
      <systemName>LS101</systemName>
    </sensor>
    <sensor inverted="false">
      <systemName>LS102</systemName>
    </sensor>
    <sensor inverted="false">
      <systemName>LS103</systemName>
    </sensor>
    <sensor inverted="false">
      <systemName>LS104</systemName>
    </sensor>
    <sensor inverted="false">
      <systemName>LS105</systemName>
    </sensor>
    <sensor inverted="false">
      <systemName>LS106</systemName>
    </sensor>
    <sensor inverted="false">
      <systemName>LS139</systemName>
    </sensor>
    <sensor inverted="false">
      <systemName>LS140</systemName>
    </sensor>
    <sensor inverted="false">
      <systemName>LS141</systemName>
    </sensor>
    <sensor inverted="false">
      <systemName>LS142</systemName>
    </sensor>
    <sensor inverted="false">
      <systemName>LS143</systemName>
    </sensor>
    <sensor inverted="false">
      <systemName>LS144</systemName>
    </sensor>
    <sensor inverted="false">
      <systemName>LS145</systemName>
    </sensor>
    <sensor inverted="false">
      <systemName>LS146</systemName>
    </sensor>
    <sensor inverted="false">
      <systemName>LS159</systemName>
    </sensor>
    <sensor inverted="false">
      <systemName>LS160</systemName>
    </sensor>
    <sensor inverted="false">
      <systemName>LS161</systemName>
    </sensor>
    <sensor inverted="false">
      <systemName>LS162</systemName>
    </sensor>
    <sensor inverted="false">
      <systemName>LS163</systemName>
    </sensor>
    <sensor inverted="false">
      <systemName>LS164</systemName>
    </sensor>
    <sensor inverted="false">
      <systemName>LS165</systemName>
    </sensor>
    <sensor inverted="false">
      <systemName>LS166</systemName>
    </sensor>
  </sensors>
  <sensors class="jmri.jmrix.internal.configurexml.InternalSensorManagerXml">
    <defaultInitialState>unknown</defaultInitialState>
    <sensor inverted="false">
      <systemName>ISCLOCKRUNNING</systemName>
    </sensor>
  </sensors>
  <turnouts class="jmri.jmrix.loconet.configurexml.LnTurnoutManagerXml">
    <operations automate="false">
      <operation name="NoFeedback" class="jmri.configurexml.turnoutoperations.NoFeedbackTurnoutOperationXml" interval="300" maxtries="2" />
      <operation name="Raw" class="jmri.configurexml.turnoutoperations.RawTurnoutOperationXml" interval="300" maxtries="1" />
      <operation name="Sensor" class="jmri.configurexml.turnoutoperations.SensorTurnoutOperationXml" interval="300" maxtries="3" />
    </operations>
    <defaultclosedspeed>Normal</defaultclosedspeed>
    <defaultthrownspeed>Restricted</defaultthrownspeed>
    <turnout feedback="MONITORING" inverted="false" automate="Off">
      <systemName>LT1</systemName>
    </turnout>
    <turnout feedback="MONITORING" inverted="false" automate="Off">
      <systemName>LT9</systemName>
    </turnout>
    <turnout feedback="MONITORING" inverted="false" automate="Off">
      <systemName>LT17</systemName>
    </turnout>
    <turnout feedback="MONITORING" inverted="false" automate="Off">
      <systemName>LT40</systemName>
    </turnout>
    <turnout feedback="MONITORING" inverted="false" automate="Off">
      <systemName>LT50</systemName>
    </turnout>
    <turnout feedback="MONITORING" inverted="false" automate="Off">
      <systemName>LT51</systemName>
    </turnout>
    <turnout feedback="MONITORING" inverted="false" automate="Off">
      <systemName>LT52</systemName>
    </turnout>
    <turnout feedback="MONITORING" inverted="false" automate="Off">
      <systemName>LT53</systemName>
    </turnout>
    <turnout feedback="MONITORING" inverted="false" automate="Off">
      <systemName>LT70</systemName>
    </turnout>
    <turnout feedback="MONITORING" inverted="false" automate="Off">
      <systemName>LT71</systemName>
    </turnout>
    <turnout feedback="MONITORING" inverted="false" automate="Off">
      <systemName>LT72</systemName>
    </turnout>
    <turnout feedback="MONITORING" inverted="false" automate="Off">
      <systemName>LT73</systemName>
    </turnout>
    <turnout feedback="MONITORING" inverted="false" automate="Off">
      <systemName>LT80</systemName>
    </turnout>
    <turnout feedback="MONITORING" inverted="false" automate="Off">
      <systemName>LT81</systemName>
    </turnout>
    <turnout feedback="MONITORING" inverted="false" automate="Off">
      <systemName>LT82</systemName>
    </turnout>
    <turnout feedback="MONITORING" inverted="false" automate="Off">
      <systemName>LT83</systemName>
    </turnout>
  </turnouts>
  <memories class="jmri.managers.configurexml.DefaultMemoryManagerXml">
    <memory value="3:44 PM">
      <systemName>IMCURRENTTIME</systemName>
    </memory>
    <memory value="1.0">
      <systemName>IMRATEFACTOR</systemName>
    </memory>
  </memories>
  <blocks class="jmri.configurexml.BlockManagerXml">
    <defaultspeed>Normal</defaultspeed>
    <block systemName="IB:AUTO:0001">
      <systemName>IB:AUTO:0001</systemName>
      <userName>S1</userName>
    </block>
    <block systemName="IB:AUTO:0002">
      <systemName>IB:AUTO:0002</systemName>
      <userName>S2</userName>
    </block>
    <block systemName="IB:AUTO:0003">
      <systemName>IB:AUTO:0003</systemName>
      <userName>S17</userName>
    </block>
    <block systemName="IB:AUTO:0004">
      <systemName>IB:AUTO:0004</systemName>
      <userName>S18</userName>
    </block>
    <block systemName="IB:AUTO:0005">
      <systemName>IB:AUTO:0005</systemName>
      <userName>RB</userName>
    </block>
    <block systemName="IB:AUTO:0001" length="0.0" curve="0">
      <systemName>IB:AUTO:0001</systemName>
      <userName>S1</userName>
      <permissive>no</permissive>
      <path todir="64" fromdir="128" block="IB:AUTO:0002" />
    </block>
    <block systemName="IB:AUTO:0002" length="0.0" curve="0">
      <systemName>IB:AUTO:0002</systemName>
      <userName>S2</userName>
      <permissive>no</permissive>
    </block>
    <block systemName="IB:AUTO:0003" length="0.0" curve="0">
      <systemName>IB:AUTO:0003</systemName>
      <userName>S17</userName>
      <permissive>no</permissive>
      <occupancysensor>LS17</occupancysensor>
      <path todir="64" fromdir="128" block="IB:AUTO:0004" />
    </block>
    <block systemName="IB:AUTO:0004" length="0.0" curve="0">
      <systemName>IB:AUTO:0004</systemName>
      <userName>S18</userName>
      <permissive>no</permissive>
      <occupancysensor>LS18</occupancysensor>
      <path todir="128" fromdir="64" block="IB:AUTO:0003" />
      <path todir="64" fromdir="128" block="IB:AUTO:0005" />
    </block>
    <block systemName="IB:AUTO:0005" length="0.0" curve="0">
      <systemName>IB:AUTO:0005</systemName>
      <userName>RB</userName>
      <permissive>no</permissive>
      <path todir="128" fromdir="64" block="IB:AUTO:0004" />
    </block>
  </blocks>
  <layoutblocks class="jmri.jmrit.display.layoutEditor.configurexml.LayoutBlockManagerXml">
    <layoutblock systemName="ILB3" occupancysensor="LS17" occupiedsense="2" trackcolor="darkGray" occupiedcolor="red" extracolor="white">
      <systemName>ILB3</systemName>
      <userName>S17</userName>
    </layoutblock>
    <layoutblock systemName="ILB4" occupancysensor="LS18" occupiedsense="2" trackcolor="darkGray" occupiedcolor="red" extracolor="white">
      <systemName>ILB4</systemName>
      <userName>S18</userName>
    </layoutblock>
    <layoutblock systemName="ILB5" occupiedsense="2" trackcolor="darkGray" occupiedcolor="red" extracolor="white">
      <systemName>ILB5</systemName>
      <userName>RB</userName>
    </layoutblock>
  </layoutblocks>
  <signalmastlogics class="jmri.managers.configurexml.DefaultSignalMastLogicManagerXml">
    <logicDelay>500</logicDelay>
  </signalmastlogics>
  <meters class="jmri.managers.configurexml.AbstractMeterManagerXml">
    <meter>
      <systemName>LVDB210(s/n3740)InputCurrent</systemName>
    </meter>
    <meter>
      <systemName>LVDB210(s/n3740)Voltage</systemName>
    </meter>
    <meter>
      <systemName>LVDB210(s/n3773)InputCurrent</systemName>
    </meter>
    <meter>
      <systemName>LVDB210(s/n3773)Voltage</systemName>
    </meter>
    <meter>
      <systemName>LVDCS240+(s/n5382)InputCurrent</systemName>
    </meter>
    <meter>
      <systemName>LVDCS240+(s/n5382)Voltage</systemName>
    </meter>
    <meter>
      <systemName>LVPR4(s/n2091)InputCurrent</systemName>
    </meter>
    <meter>
      <systemName>LVPR4(s/n2091)Voltage</systemName>
    </meter>
    <meter>
      <systemName>LV[116](s/n3359)InputCurrent</systemName>
    </meter>
    <meter>
      <systemName>LV[116](s/n3359)Voltage</systemName>
    </meter>
    <meter>
      <systemName>LV[67](s/n4184)InputCurrent</systemName>
    </meter>
    <meter>
      <systemName>LV[67](s/n4184)Voltage</systemName>
    </meter>
    <meter>
      <systemName>LV[67](s/n4204)InputCurrent</systemName>
    </meter>
    <meter>
      <systemName>LV[67](s/n4204)Voltage</systemName>
    </meter>
    <meter>
      <systemName>LV[70](s/n1802)InputCurrent</systemName>
    </meter>
    <meter>
      <systemName>LV[70](s/n1802)Voltage</systemName>
    </meter>
    <meter>
      <systemName>LV[70](s/n2166)InputCurrent</systemName>
    </meter>
    <meter>
      <systemName>LV[70](s/n2166)Voltage</systemName>
    </meter>
  </meters>
  <timebase class="jmri.jmrit.simpleclock.configurexml.SimpleTimebaseXml" time="Fri Mar 07 14:48:19 CET 2025" rate="1.0" startrate="1.0" run="yes" master="yes" sync="no" correct="no" display="no" startstopped="no" startrunning="yes" startsettime="no" startclockoption="0" showbutton="no" startsetrate="yes" />
  <LayoutEditor class="jmri.jmrit.display.layoutEditor.configurexml.LayoutEditorXml" name="My Layout" x="-7" y="-7" windowheight="687" windowwidth="1295" panelheight="207" panelwidth="828" sliders="no" scrollable="none" editable="yes" positionable="yes" controlling="yes" animating="yes" showhelpbar="no" drawgrid="yes" snaponadd="no" snaponmove="no" antialiasing="no" turnoutcircles="no" tooltipsnotedit="no" tooltipsinedit="yes" mainlinetrackwidth="4" xscale="1.0" yscale="1.0" sidetrackwidth="2" defaulttrackcolor="darkGray" defaultoccupiedtrackcolor="red" defaultalternativetrackcolor="white" defaulttextcolor="black" turnoutcirclecolor="black" turnoutcirclesize="4" turnoutdrawunselectedleg="yes" turnoutbx="20.0" turnoutcx="20.0" turnoutwid="10.0" xoverlong="30.0" xoverhwid="10.0" xovershort="10.0" autoblkgenerate="no" redBackground="192" greenBackground="192" blueBackground="192" gridSize="10" gridSize2nd="10" openDispatcher="no" useDirectTurnoutControl="no">
    <layoutTrackDrawingOptions name="My Layout" class="jmri.jmrit.display.layoutEditor.configurexml.LayoutTrackDrawingOptionsXml">
      <mainBallastColor>#000000</mainBallastColor>
      <mainBallastWidth>0</mainBallastWidth>
      <mainBlockLineDashPercentageX10>0</mainBlockLineDashPercentageX10>
      <mainBlockLineWidth>4</mainBlockLineWidth>
      <mainRailColor>#404040</mainRailColor>
      <mainRailCount>1</mainRailCount>
      <mainRailGap>0</mainRailGap>
      <mainRailWidth>2</mainRailWidth>
      <mainTieColor>#000000</mainTieColor>
      <mainTieGap>0</mainTieGap>
      <mainTieLength>0</mainTieLength>
      <mainTieWidth>0</mainTieWidth>
      <sideBallastColor>#000000</sideBallastColor>
      <sideBallastWidth>0</sideBallastWidth>
      <sideBlockLineDashPercentageX10>0</sideBlockLineDashPercentageX10>
      <sideBlockLineWidth>2</sideBlockLineWidth>
      <sideRailColor>#404040</sideRailColor>
      <sideRailCount>1</sideRailCount>
      <sideRailGap>0</sideRailGap>
      <sideRailWidth>1</sideRailWidth>
      <sideTieColor>#000000</sideTieColor>
      <sideTieGap>0</sideTieGap>
      <sideTieLength>0</sideTieLength>
      <sideTieWidth>0</sideTieWidth>
    </layoutTrackDrawingOptions>
    <layoutturnout ident="TO5" type="LH_TURNOUT" hidden="no" disabled="no" disableWhenOccupied="no" showtooltip="yes" continuing="2" xcen="758.0" ycen="157.0" xa="738.0" ya="157.0" xb="778.0" yb="157.0" xc="778.0" yc="147.0" xd="738.0" yd="157.0" ver="1" class="jmri.jmrit.display.layoutEditor.configurexml.LayoutLHTurnoutXml" turnoutname="LT53" blockname="RB" connectaname="T7" />
    <tracksegment ident="T1" blockname="S17" connect1name="EB1" type1="POS_POINT" connect2name="A1" type2="POS_POINT" dashed="no" mainline="yes" hidden="no" class="jmri.jmrit.display.layoutEditor.configurexml.TrackSegmentXml" />
    <tracksegment ident="T3" blockname="S18" connect1name="A1" type1="POS_POINT" connect2name="A4" type2="POS_POINT" dashed="no" mainline="yes" hidden="no" class="jmri.jmrit.display.layoutEditor.configurexml.TrackSegmentXml" />
    <tracksegment ident="T4" blockname="RB" connect1name="A4" type1="POS_POINT" connect2name="A3" type2="POS_POINT" dashed="no" mainline="yes" hidden="no" class="jmri.jmrit.display.layoutEditor.configurexml.TrackSegmentXml" />
    <tracksegment ident="T6" blockname="RB" connect1name="A3" type1="POS_POINT" connect2name="SL5" type2="SLIP_A" dashed="no" mainline="yes" hidden="no" class="jmri.jmrit.display.layoutEditor.configurexml.TrackSegmentXml" />
    <tracksegment ident="T7" blockname="RB" connect1name="SL5" type1="SLIP_C" connect2name="TO5" type2="TURNOUT_A" dashed="no" mainline="yes" hidden="no" class="jmri.jmrit.display.layoutEditor.configurexml.TrackSegmentXml" />
    <positionablepoint ident="EB1" type="END_BUMPER" x="135.0" y="119.0" connect1name="T1" class="jmri.jmrit.display.layoutEditor.configurexml.PositionablePointXml" />
    <positionablepoint ident="A1" type="ANCHOR" x="262.0" y="119.0" connect1name="T1" connect2name="T3" class="jmri.jmrit.display.layoutEditor.configurexml.PositionablePointXml" />
    <positionablepoint ident="A3" type="ANCHOR" x="553.0" y="119.0" connect1name="T4" connect2name="T6" class="jmri.jmrit.display.layoutEditor.configurexml.PositionablePointXml" />
    <positionablepoint ident="A4" type="ANCHOR" x="380.0" y="120.0" connect1name="T3" connect2name="T4" class="jmri.jmrit.display.layoutEditor.configurexml.PositionablePointXml" />
    <layoutSlip ident="SL5" slipType="SINGLE_SLIP" hidden="no" disabled="no" disableWhenOccupied="no" showtooltip="yes" xcen="642.2469620221407" ycen="124.18825401611139" xa="622.2469620221407" ya="124.18825401611139" xb="625.2469620221407" yb="143.1882540161114" connectaname="T6" connectcname="T7" class="jmri.jmrit.display.layoutEditor.configurexml.LayoutSingleSlipXml">
      <states>
        <A-C>
          <turnout>2</turnout>
          <turnoutB>2</turnoutB>
        </A-C>
        <A-D>
          <turnout>2</turnout>
          <turnoutB>4</turnoutB>
        </A-D>
        <B-D>
          <turnout>4</turnout>
          <turnoutB>4</turnoutB>
        </B-D>
      </states>
    </layoutSlip>
  </LayoutEditor>
  <filehistory>
    <operation>
      <type>app</type>
      <date>Fri Mar 07 14:48:19 CET 2025</date>
      <filename>PanelPro (v5.10.0)</filename>
    </operation>
    <operation>
      <type>Store</type>
      <date>Fri Mar 07 15:44:02 CET 2025</date>
      <filename>C:\Users\LOK_1\JMRI\My_JMRI_Railroad.jmri\LOK_1.xml</filename>
    </operation>
  </filehistory>
  <!--Written by JMRI version 5.10+Rca461bd266 on Fri Mar 07 15:44:02 CET 2025-->
</layout-config>
