<?xml version="1.0" encoding="UTF-8"?>
<?xml-stylesheet href="/xml/XSLT/roster2array.xsl" type="text/xsl"?>
<roster-config xmlns:xsi="http://www.w3.org/2001/XMLSchema-instance" xsi:noNamespaceSchemaLocation="http://jmri.org/xml/schema/roster.xsd">
  <!--Written by JMRI version 5.10+Rca461bd266 on Thu Apr 10 08:43:23 CEST 2025-->
  <roster>
    <locomotive id="&lt;DB218&gt;" fileName="_DB218_.xml" roadNumber="" roadName="" mfg="" owner="" model="" dccAddress="7" comment="" developerID="-1" manufacturerID="123" productID="" maxSpeed="100" imageFilePath="" iconFilePath="" URL="" IsShuntingOn="">
      <dateUpdated>2025-03-28T13:17:13.876+00:00</dateUpdated>
      <decoder model="eMOTION XL" family="Massoth eMOTION" comment="" maxFnNum="28" />
      <locoaddress>
        <dcclocoaddress number="7" longaddress="no" />
        <number>7</number>
        <protocol>dcc_short</protocol>
      </locoaddress>
      <functionlabels />
      <soundlabels />
    </locomotive>
  </roster>
</roster-config>
