<?xml version="1.0" encoding="UTF-8"?>
<auxiliary-configuration xmlns="http://www.netbeans.org/ns/auxiliary-configuration/1">
    <classPreferences xmlns="http://jmri.org/xml/schema/auxiliary-configuration/class-preferences-4-3-5.xsd">
        <preferences xmlns="" class="jmri.jmrit.beantable.SignalMastTableAction"/>
        <preferences xmlns="" class="jmri.jmrit.beantable.LogixTableAction"/>
        <preferences xmlns="" class="jmri.jmrit.beantable.TurnoutTableAction"/>
        <preferences xmlns="" class="jmri.jmrit.beantable.LRouteTableAction"/>
        <preferences xmlns="" class="jmri.managers.JmriUserPreferencesManager"/>
        <preferences xmlns="" class="jmri.jmrit.beantable.SensorTableAction"/>
        <preferences xmlns="" class="jmri.jmrit.beantable.SignalHeadTableAction"/>
        <preferences xmlns="" class="jmri.jmrit.beantable.IdTagTableAction"/>
        <preferences xmlns="" class="jmri.jmrit.beantable.SectionTableAction"/>
        <preferences xmlns="" class="jmri.jmrit.beantable.BlockTableAction"/>
        <preferences xmlns="" class="jmri.jmrit.beantable.AudioTableAction"/>
        <preferences xmlns="" class="jmri.jmrit.beantable.SignalGroupTableAction"/>
        <preferences xmlns="" class="jmri.jmrit.beantable.LightTableAction"/>
        <preferences xmlns="" class="jmri.jmrit.beantable.TransitTableAction"/>
        <preferences xmlns="" class="jmri.jmrit.beantable.ReporterTableAction"/>
        <preferences xmlns="" class="jmri.jmrit.beantable.RouteTableAction"/>
        <preferences xmlns="" class="jmri.jmrit.beantable.MemoryTableAction"/>
    </classPreferences>
    <comboBoxLastValue xmlns="http://jmri.org/xml/schema/auxiliary-configuration/combobox-4-3-5.xsd">
        <comboBox xmlns="" lastSelected="Internal" name="jmri.jmrit.beantable.SensorTableAction.SystemSelected"/>
        <comboBox xmlns="" lastSelected="LocoNet PR4" name="Digitrax"/>
    </comboBoxLastValue>
    <settings xmlns="http://jmri.org/xml/schema/auxiliary-configuration/settings-4-3-5.xsd">
        <setting xmlns="">jmri.jmrit.display.layoutEditor.LayoutEditor:My Layout.toolBarThin</setting>
    </settings>
    <tableDetails xmlns="http://jmri.org/xml/schema/auxiliary-configuration/table-details-4-3-5.xsd">
        <table xmlns="" name="jmri.jmrit.beantable.SensorTableAction:Internal">
            <columns/>
        </table>
        <table xmlns="" name="jmri.jmrit.beantable.ReporterTableAction:Internal">
            <columns/>
        </table>
        <table xmlns="" name="jmri.jmrit.beantable.BlockTableAction:Blocks">
            <columns/>
        </table>
        <table xmlns="" name="jmri.jmrit.beantable.TransitTableAction:Transits">
            <columns/>
        </table>
        <table xmlns="" name="jmri.jmrit.beantable.LRouteTableAction:LRoutes">
            <columns/>
        </table>
        <table xmlns="" name="jmri.jmrit.logixng.LogixNG_UserPreferences:LogixNGs">
            <columns/>
        </table>
        <table xmlns="" name="jmri.jmrit.beantable.LightTableAction:All">
            <columns/>
        </table>
        <table xmlns="" name="jmri.jmrit.beantable.ReporterTableAction:All">
            <columns/>
        </table>
        <table xmlns="" name="jmri.jmrit.beantable.LogixTableAction:Logix">
            <columns/>
        </table>
        <table xmlns="" name="jmri.jmrit.beantable.SensorTableAction:LocoNet">
            <columns/>
        </table>
        <table xmlns="" name="jmri.jmrit.logixng.LogixNG_UserPreferences:LogixNG Global Variables">
            <columns/>
        </table>
        <table xmlns="" name="jmri.jmrit.beantable.SignalGroupTableAction:Signal Groups">
            <columns/>
        </table>
        <table xmlns="" name="jmri.jmrit.beantable.SignalMastLogicTableAction:Signal Mast Logic">
            <columns/>
        </table>
        <table xmlns="" name="jmri.jmrit.logixng.LogixNG_UserPreferences:LogixNG Modules">
            <columns/>
        </table>
        <table xmlns="" name="jmri.jmrit.beantable.TurnoutTableAction:All">
            <columns/>
        </table>
        <table xmlns="" name="jmri.jmrit.beantable.AudioTableAction">
            <columns>
                <column hidden="false" name="Comment" order="3" width="126"/>
                <column hidden="false" name="Description" order="2" width="406"/>
                <column hidden="false" name="User Name" order="1" width="126"/>
                <column hidden="false" name="Column4" order="4" width="63"/>
                <column hidden="false" name="Column5" order="5" width="53"/>
                <column hidden="false" name="System Name" order="0" width="46"/>
            </columns>
            <sortOrder>
                <sortKey column="0" sortOrder="ASCENDING"/>
            </sortOrder>
        </table>
        <table xmlns="" name="jmri.jmrit.beantable.TurnoutTableAction:Internal">
            <columns/>
        </table>
        <table xmlns="" name="jmri.jmrit.beantable.MemoryTableAction:Memory Variables">
            <columns/>
        </table>
        <table xmlns="" name="jmri.jmrit.beantable.LightTableAction:LocoNet">
            <columns/>
        </table>
        <table xmlns="" name="jmri.jmrit.beantable.RouteTableAction:Routes">
            <columns/>
        </table>
        <table xmlns="" name="jmri.jmrit.beantable.LightTableAction:Internal">
            <columns/>
        </table>
        <table xmlns="" name="jmri.jmrit.beantable.RailComTableAction:RailCom IDs">
            <columns/>
        </table>
        <table xmlns="" name="jmri.jmrit.beantable.SignalMastTableAction:Signal Masts">
            <columns/>
        </table>
        <table xmlns="" name="jmri.jmrit.beantable.IdTagTableAction:Internal">
            <columns/>
        </table>
        <table xmlns="" name="jmri.jmrit.beantable.IdTagTableAction:LocoNet">
            <columns/>
        </table>
        <table xmlns="" name="jmri.jmrit.beantable.TurnoutTableAction:LocoNet">
            <columns/>
        </table>
        <table xmlns="" name="jmri.jmrit.beantable.IdTagTableAction:All">
            <columns/>
        </table>
        <table xmlns="" name="jmri.jmrit.beantable.ReporterTableAction:LocoNet">
            <columns/>
        </table>
        <table xmlns="" name="jmri.jmrit.logixng.LogixNG_UserPreferences:LogixNG Tables">
            <columns/>
        </table>
        <table xmlns="" name="jmri.jmrit.beantable.SectionTableAction:Sections">
            <columns/>
        </table>
        <table xmlns="" name="jmri.jmrit.beantable.SensorTableAction:All">
            <columns>
                <column hidden="false" name="Comment" order="3" width="126"/>
                <column hidden="false" name="User Name" order="1" width="126"/>
                <column hidden="false" name="ForgetState" order="11" width="67"/>
                <column hidden="false" name="Delay to Active" order="8" width="70"/>
                <column hidden="false" name="Column4" order="4" width="63"/>
                <column hidden="false" name="QueryState" order="12" width="65"/>
                <column hidden="false" name="Pull-Up/Down" order="10" width="70"/>
                <column hidden="false" name="Delay to Inactive" order="9" width="70"/>
                <column hidden="false" name="Use Global Delays" order="7" width="70"/>
                <column hidden="false" name="Column6" order="6" width="53"/>
                <column hidden="false" name="State" order="2" width="91"/>
                <column hidden="false" name="Inverted" order="5" width="38"/>
                <column hidden="false" name="System Name" order="0" width="46"/>
            </columns>
            <sortOrder>
                <sortKey column="0" sortOrder="ASCENDING"/>
                <sortKey column="1" sortOrder="ASCENDING"/>
            </sortOrder>
        </table>
        <table xmlns="" name="jmri.jmrit.beantable.SignalHeadTableAction:Signal Heads">
            <columns/>
        </table>
    </tableDetails>
    <windowDetails xmlns="http://jmri.org/xml/schema/auxiliary-configuration/window-details-4-3-5.xsd">
        <window xmlns="" class="jmri.jmrit.beantable.ListedTableFrame">
            <properties>
                <property>
                    <key>dividerLocation</key>
                    <value class="java.lang.Integer">141</value>
                </property>
            </properties>
        </window>
        <window xmlns="" class="PanelPro" height="1028.0" locX="952.0" locY="0.0" width="976.0"/>
        <window xmlns="" class="jmri.jmrit.roster.Roster"/>
        <window xmlns="" class="apps.gui3.tabbedpreferences.TabbedPreferencesFrame:Preferences" height="1020.0" locX="-9.0" locY="-9.0" width="1920.0"/>
        <window xmlns="" class="jmri.jmrit.automat.monitor.AutomatTableFrame" height="495.0" locX="50.0" locY="76.0" width="470.0"/>
        <window xmlns="" class="jmri.jmrit.throttle.ThrottleWindow" height="524.0" locX="0.0" locY="0.0" width="622.0"/>
        <window xmlns="" class="jmri.jmrit.beantable.ListedTableFrame:Sensors" height="1028.0" locX="-8.0" locY="0.0" width="976.0"/>
        <window xmlns="" class="Script Output" height="982.0" locX="-8.0" locY="38.0" width="976.0"/>
        <window xmlns="" class="Local JMRI throttles" height="247.0" locX="25.0" locY="38.0" width="338.0"/>
        <window xmlns="" class="jmri.jmrit.display.layoutEditor.LayoutEditor:My Layout" height="775.0" locX="251.0" locY="78.0" width="1340.0"/>
        <window xmlns="" class="Add New Sensor" height="181.0" locX="25.0" locY="38.0" width="611.0"/>
    </windowDetails>
</auxiliary-configuration>
