<?xml version="1.0" encoding="UTF-8"?>
<auxiliary-configuration xmlns="http://www.netbeans.org/ns/auxiliary-configuration/1">
    <connections xmlns="http://jmri.org/xml/schema/auxiliary-configuration/connections-2-9-6.xsd">
        <connection xmlns="" class="jmri.jmrix.loconet.pr4.configurexml.ConnectionConfigXml" disabled="no" manufacturer="Digitrax" port="COM3" reconnectMaxAttempts="100" reconnectMaxInterval="120" speed="57600" systemPrefix="L" turnoutInterval="250" userName="LocoNet">
            <options>
                <option>
                    <name>CommandStation</name>
                    <value>DCS240+ (Advanced Command Station)</value>
                </option>
                <option>
                    <name>FlowControl</name>
                    <value>hardware flow control (recommended)</value>
                </option>
                <option>
                    <name>InterrogateOnStart</name>
                    <value>Yes</value>
                </option>
                <option>
                    <name>LoconetProtocolAutoDetect</name>
                    <value>No</value>
                </option>
                <option>
                    <name>PacketizerType</name>
                    <value>Normal (recommended)</value>
                </option>
                <option>
                    <name>TranspondingPresent</name>
                    <value>No</value>
                </option>
                <option>
                    <name>TurnoutHandle</name>
                    <value>Normal</value>
                </option>
            </options>
        </connection>
    </connections>
    <startup xmlns="http://jmri.org/xml/schema/auxiliary-configuration/startup-4-3-5.xsd">
        <perform xmlns="" class="jmri.util.startup.configurexml.PerformFileModelXml" enabled="yes" name="preference:Lok_1_settings.xml" type="XmlFile"/>
        <perform xmlns="" class="jmri.util.startup.configurexml.PerformActionModelXml" enabled="yes" name="jmri.jmrit.jython.JythonWindow" type="Action">
            <property name="systemPrefix" value=""/>
        </perform>
        <perform xmlns="" class="jmri.util.startup.configurexml.PerformActionModelXml" enabled="yes" name="jmri.jmrit.throttle.ThrottleCreationAction" type="Action">
            <property name="systemPrefix" value=""/>
        </perform>
        <perform xmlns="" class="apps.startup.configurexml.ScriptButtonModelXml" enabled="yes" name="URUCHOM MAKIETY" type="Button">
            <property name="script" value="preference:scripting/startup_script.py"/>
        </perform>
        <perform xmlns="" class="apps.startup.configurexml.ScriptButtonModelXml" enabled="yes" name="ZATRZYMAJ POCIAGI" type="Button">
            <property name="script" value="preference:scripting/stop_trains.py"/>
        </perform>
        <perform xmlns="" class="apps.startup.configurexml.ScriptButtonModelXml" enabled="yes" name="WZNÓW JAZDE" type="Button">
            <property name="script" value="preference:scripting/continue_script.py"/>
        </perform>
        <perform xmlns="" class="apps.configurexml.CreateButtonModelXml" enabled="yes" name="jmri.jmrit.powerpanel.PowerButtonAction" type="Button">
            <property name="systemPrefix" value=""/>
        </perform>
        <perform xmlns="" class="jmri.util.startup.configurexml.PerformScriptModelXml" enabled="yes" name="preference:scripting/lok_1_script.py" type="ScriptFile"/>
        <perform xmlns="" class="jmri.util.startup.configurexml.PerformScriptModelXml" enabled="yes" name="preference:scripting/lok_2_script.py" type="ScriptFile"/>
        <perform xmlns="" class="jmri.util.startup.configurexml.PerformScriptModelXml" enabled="yes" name="preference:scripting/lok_3_script.py" type="ScriptFile"/>
    </startup>
</auxiliary-configuration>
