<?xml version="1.0" encoding="UTF-8"?>
<warrantPreferences>
  <!--Written by JMRI version 5.10+Rca461bd266 on Fri Apr 04 14:40:55 CEST 2025-->
  <layoutParams layoutScale="87.1" searchDepth="20">
    <shutdown>PROMPT</shutdown>
    <Trace>false</Trace>
    <SpeedAssistance>0.02</SpeedAssistance>
  </layoutParams>
  <speedMapParams>
    <stepIncrements timeIncrement="750" rampIncrement="0.04" throttleScale="0.9" />
    <speedNames interpretation="1">
      <Cab>120.0</Cab>
      <Maximum>119.0</Maximum>
      <Normal>100.0</Normal>
      <Sixty>90.0</Sixty>
      <Fifty>80.0</Fifty>
      <Limited>65.0</Limited>
      <Medium>50.0</Medium>
      <Slow>30.0</Slow>
      <Restricted>15.0</Restricted>
      <RestrictedSlow>10.0</RestrictedSlow>
      <Stop>0.0</Stop>
    </speedNames>
    <appearancePrefs>
      <SignalHeadStateRed>Stop</SignalHeadStateRed>
      <SignalHeadStateFlashingRed>Restricted</SignalHeadStateFlashingRed>
      <SignalHeadStateGreen>Normal</SignalHeadStateGreen>
      <SignalHeadStateFlashingGreen>Normal</SignalHeadStateFlashingGreen>
      <SignalHeadStateYellow>Medium</SignalHeadStateYellow>
      <SignalHeadStateFlashingYellow>Limited</SignalHeadStateFlashingYellow>
      <SignalHeadStateLunar>Restricted</SignalHeadStateLunar>
      <SignalHeadStateFlashingLunar>Slow</SignalHeadStateFlashingLunar>
    </appearancePrefs>
  </speedMapParams>
</warrantPreferences>
