<?xml version="1.0" encoding="UTF-8"?>
<profileConfig>
  <profiles>
    <profile id="Dawid_makieta_1.3f345e77" path="settings:Dawid_makieta_1.jmri/" />
    <profile id="Krzysiek.3e0569ad" path="settings:Krzysiek.jmri/" />
    <profile id="LOK_1.3d90b4a6" path="settings:LOK_1.jmri/" />
    <profile id="LOK_testing.3f21d318" path="settings:LOK_testing.jmri/" />
    <profile id="My_JMRI_Railroad.3f7f5441" path="settings:My_JMRI_Railroad.jmri/" />
  </profiles>
  <searchPaths>
    <path path="settings:" default="true" />
  </searchPaths>
</profileConfig>
