<?xml version="1.0" encoding="UTF-8"?>
<?xml-stylesheet href="/xml/XSLT/idtags.xsl" type="text/xsl"?>
<idtagtable xmlns:xsi="http://www.w3.org/2001/XMLSchema-instance" xsi:noNamespaceSchemaLocation="http://jmri.org/xml/schema/idtags.xsd">
  <!--Written by JMRI version 5.10+Rca461bd266 on Fri May 09 18:04:19 CEST 2025-->
  <configuration>
    <storeState>no</storeState>
    <useFastClock>no</useFastClock>
  </configuration>
  <idtags>
    <idtag>
      <systemName>LD3</systemName>
    </idtag>
    <idtag>
      <systemName>LD5</systemName>
    </idtag>
    <idtag>
      <systemName>LD6</systemName>
    </idtag>
    <idtag>
      <systemName>LD7</systemName>
    </idtag>
    <idtag>
      <systemName>LD10</systemName>
    </idtag>
    <idtag>
      <systemName>LD11</systemName>
    </idtag>
    <idtag>
      <systemName>LD12</systemName>
    </idtag>
    <idtag>
      <systemName>LD13</systemName>
    </idtag>
    <idtag>
      <systemName>LD66</systemName>
    </idtag>
  </idtags>
</idtagtable>
