<?xml version="1.0" encoding="UTF-8"?>
<?xml-stylesheet href="/xml/XSLT/locomotive.xsl" type="text/xsl"?>
<locomotive-config xmlns:xsi="http://www.w3.org/2001/XMLSchema-instance" xsi:noNamespaceSchemaLocation="http://jmri.org/xml/schema/locomotive-config.xsd">
  <!--Written by JMRI version 5.10+Rca461bd266 on Fri Mar 28 14:17:08 CET 2025-->
  <locomotive id="&lt;DB218&gt;" fileName="_DB218_.xml" roadNumber="" roadName="" mfg="" owner="" model="" dccAddress="7" comment="" developerID="-1" manufacturerID="123" productID="" maxSpeed="100" imageFilePath="" iconFilePath="" URL="" IsShuntingOn="">
    <dateUpdated>2025-03-28T13:17:08.568+00:00</dateUpdated>
    <decoder model="eMOTION XL" family="Massoth eMOTION" comment="" maxFnNum="28" />
    <locoaddress>
      <dcclocoaddress number="7" longaddress="no" />
      <number>7</number>
      <protocol>dcc_short</protocol>
    </locoaddress>
    <functionlabels />
    <soundlabels />
    <values>
      <decoderDef>
        <varValue item="Vstart" value="1" />
        <varValue item="Accel" value="3" />
        <varValue item="Decel" value="3" />
        <varValue item="Vhigh" value="200" />
        <varValue item="Vmid" value="50" />
        <varValue item="Decoder Version" value="29" />
        <varValue item="Manufacturer" value="123" />
        <varValue item="Total PWM Period" value="0" />
        <varValue item="Analog Mode Function Status - F1" value="1" />
        <varValue item="Analog Mode Function Status - F2" value="1" />
        <varValue item="Analog Mode Function Status - F3" value="1" />
        <varValue item="Analog Mode Function Status - F4" value="1" />
        <varValue item="Analog Mode Function Status - F5" value="0" />
        <varValue item="Analog Mode Function Status - F6" value="0" />
        <varValue item="Data Processing" value="0" />
        <varValue item="Digital Load Control" value="1" />
        <varValue item="Analog Load Control" value="0" />
        <varValue item="F1 Output" value="0" />
        <varValue item="Bus Type" value="1" />
        <varValue item="Light: Dimming Value (PWM)" value="32" />
        <varValue item="Front Light: Command Allocation - Direction" value="2" />
        <varValue item="Front Light: Command Allocation - Function Keys" value="0" />
        <varValue item="Rear Light: Command Allocation - Direction" value="1" />
        <varValue item="Rear Light: Command Allocation - Function Keys" value="0" />
        <varValue item="F1 + F2: Dimming Value: Voltage on Output (PWM)" value="32" />
        <varValue item="F1 + F2: Dimming Value: Select Function to be Dimmed" value="0" />
        <varValue item="F1: Command Allocation - Direction" value="0" />
        <varValue item="F1: Command Allocation - Function Keys" value="1" />
        <varValue item="F1: Special Function: Blinking/Monoflop time base" value="0" />
        <varValue item="F1: Special Function: Select Special Function" value="0" />
        <varValue item="F2: Command Allocation - Direction" value="0" />
        <varValue item="F2: Command Allocation - Function Keys" value="2" />
        <varValue item="F2: Special Function: Blink/flop time or light effects" value="0" />
        <varValue item="F2: Special Function: Select Special Function" value="0" />
        <varValue item="Pause Time for Stop and Reversing" value="0" />
        <varValue item="Switching Speed: Command Allocation - Function Keys" value="8" />
        <varValue item="Back EMF Adjustment Factor" value="2" />
        <varValue item="Back EMF Adjustment Speed" value="20" />
        <varValue item="Back EMF Adjustment Strength" value="255" />
        <varValue item="Back EMF Start-up Behavior - Regulation Time" value="12" />
        <varValue item="Back EMF Start-up Behavior - Triggering Level" value="3" />
        <varValue item="Engage/Disengage Acceleration/Deceleration Value: Command Allocation - Function Keys" value="7" />
        <varValue item="Speed Table" value="6,8,10,13,16,19,22,26,31,36,42,48,54,60,68,76,84,92,102,112,124,136,152,168,188,208,228,232" />
        <varValue item="Decoder Type" value="200" />
        <varValue item="F3 + F4: Dimming Value: Voltage on Output (PWM)" value="32" />
        <varValue item="F3 + F4: Dimming Value: Select Function to be Dimmed" value="0" />
        <varValue item="F3: Command Allocation - Direction" value="0" />
        <varValue item="F3: Command Allocation - Function Keys" value="3" />
        <varValue item="F3: Special Function: Blinking/Monoflop time base" value="0" />
        <varValue item="F3: Special Function: Select Special Function" value="0" />
        <varValue item="F4: Command Allocation - Direction" value="0" />
        <varValue item="F4: Command Allocation - Function Keys" value="4" />
        <varValue item="F4: Special Function: Blink/flop time or light effects" value="0" />
        <varValue item="F4: Special Function: Select Special Function" value="0" />
        <varValue item="F5: Command Allocation - Direction" value="0" />
        <varValue item="F5: Command Allocation - Function Keys" value="5" />
        <varValue item="F5: Special Function: Blinking/Monoflop/Voltage Buffer" value="0" />
        <varValue item="F5: Special Function: Select Special Function" value="0" />
        <varValue item="F6: Command Allocation - Direction" value="0" />
        <varValue item="F6: Command Allocation - Function Keys" value="6" />
        <varValue item="F6: Special Function: Time Base for Sound Pulse Generator" value="0" />
        <varValue item="F3: Special Function Servo" value="0" />
        <varValue item="F3: Servo Inverse Operation" value="0" />
        <varValue item="F3: Servo Switched Off" value="0" />
        <varValue item="F3: Servo Lower End Position" value="16" />
        <varValue item="F3: Servo Upper End Position" value="32" />
        <varValue item="Time Value for Servo Speed" value="1" />
        <varValue item="Shuttle Contact Blocking Period" value="0" />
        <varValue item="New ID for Decoder Type" value="131" />
        <varValue item="Short Address" value="7" />
        <varValue item="Long Address" value="128" />
        <varValue item="Address Format" value="0" />
        <varValue item="Consist Direction" value="0" />
        <varValue item="Consist Address" value="0" />
        <varValue item="Locomotive Direction" value="0" />
        <varValue item="Speed Step Mode" value="1" />
        <varValue item="Analog (DC) Operation" value="1" />
        <varValue item="Speed Table Definition" value="0" />
      </decoderDef>
      <CVvalue name="2" value="1" />
      <CVvalue name="3" value="3" />
      <CVvalue name="4" value="3" />
      <CVvalue name="5" value="200" />
      <CVvalue name="6" value="50" />
      <CVvalue name="7" value="29" />
      <CVvalue name="8" value="123" />
      <CVvalue name="9" value="0" />
      <CVvalue name="13" value="15" />
      <CVvalue name="49" value="18" />
      <CVvalue name="50" value="32" />
      <CVvalue name="51" value="128" />
      <CVvalue name="52" value="64" />
      <CVvalue name="53" value="32" />
      <CVvalue name="54" value="1" />
      <CVvalue name="55" value="0" />
      <CVvalue name="56" value="2" />
      <CVvalue name="57" value="0" />
      <CVvalue name="58" value="0" />
      <CVvalue name="59" value="8" />
      <CVvalue name="60" value="2" />
      <CVvalue name="61" value="20" />
      <CVvalue name="62" value="255" />
      <CVvalue name="63" value="60" />
      <CVvalue name="64" value="7" />
      <CVvalue name="67" value="6" />
      <CVvalue name="68" value="8" />
      <CVvalue name="69" value="10" />
      <CVvalue name="70" value="13" />
      <CVvalue name="71" value="16" />
      <CVvalue name="72" value="19" />
      <CVvalue name="73" value="22" />
      <CVvalue name="74" value="26" />
      <CVvalue name="75" value="31" />
      <CVvalue name="76" value="36" />
      <CVvalue name="77" value="42" />
      <CVvalue name="78" value="48" />
      <CVvalue name="79" value="54" />
      <CVvalue name="80" value="60" />
      <CVvalue name="81" value="68" />
      <CVvalue name="82" value="76" />
      <CVvalue name="83" value="84" />
      <CVvalue name="84" value="92" />
      <CVvalue name="85" value="102" />
      <CVvalue name="86" value="112" />
      <CVvalue name="87" value="124" />
      <CVvalue name="88" value="136" />
      <CVvalue name="89" value="152" />
      <CVvalue name="90" value="168" />
      <CVvalue name="91" value="188" />
      <CVvalue name="92" value="208" />
      <CVvalue name="93" value="228" />
      <CVvalue name="94" value="232" />
      <CVvalue name="106" value="200" />
      <CVvalue name="112" value="32" />
      <CVvalue name="113" value="3" />
      <CVvalue name="114" value="0" />
      <CVvalue name="115" value="4" />
      <CVvalue name="116" value="0" />
      <CVvalue name="117" value="5" />
      <CVvalue name="118" value="0" />
      <CVvalue name="119" value="6" />
      <CVvalue name="120" value="0" />
      <CVvalue name="121" value="0" />
      <CVvalue name="122" value="16" />
      <CVvalue name="123" value="32" />
      <CVvalue name="127" value="1" />
      <CVvalue name="128" value="0" />
      <CVvalue name="255" value="131" />
      <CVvalue name="1" value="7" />
      <CVvalue name="17" value="192" />
      <CVvalue name="18" value="128" />
      <CVvalue name="29" value="6" />
      <CVvalue name="19" value="0" />
    </values>
  </locomotive>
</locomotive-config>
