<?xml version="1.0" encoding="UTF-8"?>
<auxiliary-configuration xmlns="http://www.netbeans.org/ns/auxiliary-configuration/1">
    <classPreferences xmlns="http://jmri.org/xml/schema/auxiliary-configuration/class-preferences-4-3-5.xsd">
        <preferences xmlns="" class="jmri.jmrit.beantable.SignalMastTableAction"/>
        <preferences xmlns="" class="jmri.jmrit.beantable.LogixTableAction"/>
        <preferences xmlns="" class="jmri.jmrit.beantable.TurnoutTableAction"/>
        <preferences xmlns="" class="jmri.jmrit.beantable.LRouteTableAction"/>
        <preferences xmlns="" class="jmri.managers.JmriUserPreferencesManager">
            <reminderPrompts>
                <reminder>reminder</reminder>
            </reminderPrompts>
        </preferences>
        <preferences xmlns="" class="jmri.jmrit.beantable.SensorTableAction">
            <multipleChoice>
                <option item="deleteInUse" value="2"/>
            </multipleChoice>
            <reminderPrompts>
                <reminder>duplicateUserName</reminder>
            </reminderPrompts>
        </preferences>
        <preferences xmlns="" class="jmri.jmrit.beantable.SignalHeadTableAction"/>
        <preferences xmlns="" class="jmri.jmrit.beantable.IdTagTableAction"/>
        <preferences xmlns="" class="jmri.jmrit.beantable.SectionTableAction"/>
        <preferences xmlns="" class="jmri.jmrit.beantable.BlockTableAction"/>
        <preferences xmlns="" class="jmri.jmrit.beantable.AudioTableAction"/>
        <preferences xmlns="" class="jmri.jmrit.beantable.SignalGroupTableAction"/>
        <preferences xmlns="" class="jmri.jmrit.beantable.LightTableAction"/>
        <preferences xmlns="" class="jmri.jmrit.beantable.TransitTableAction"/>
        <preferences xmlns="" class="jmri.jmrit.beantable.ReporterTableAction"/>
        <preferences xmlns="" class="jmri.jmrit.beantable.RouteTableAction"/>
        <preferences xmlns="" class="jmri.jmrit.beantable.MemoryTableAction"/>
    </classPreferences>
    <comboBoxLastValue xmlns="http://jmri.org/xml/schema/auxiliary-configuration/combobox-4-3-5.xsd">
        <comboBox xmlns="" lastSelected="Internal" name="jmri.jmrit.beantable.SensorTableAction.SystemSelected"/>
        <comboBox xmlns="" lastSelected="SPROG" name="SPROG DCC"/>
        <comboBox xmlns="" lastSelected="LocoNet PR4" name="Digitrax"/>
        <comboBox xmlns="" lastSelected="LocoNet" name="jmri.jmrit.beantable.TurnoutTableAction.SystemSelected"/>
    </comboBoxLastValue>
    <settings xmlns="http://jmri.org/xml/schema/auxiliary-configuration/settings-4-3-5.xsd">
        <setting xmlns="">jmri.jmrit.display.layoutEditor.LayoutEditor:My Layout.toolBarThin</setting>
        <setting xmlns="">jmri.jmrit.jython.JythonWindow.alwaysScroll</setting>
    </settings>
    <tableDetails xmlns="http://jmri.org/xml/schema/auxiliary-configuration/table-details-4-3-5.xsd">
        <table xmlns="" name="jmri.jmrit.beantable.SensorTableAction:Internal">
            <columns>
                <column hidden="false" name="Comment" order="3" width="171"/>
                <column hidden="false" name="User Name" order="1" width="171"/>
                <column hidden="false" name="ForgetState" order="11" width="73"/>
                <column hidden="false" name="Delay to Active" order="8" width="94"/>
                <column hidden="false" name="Column4" order="4" width="73"/>
                <column hidden="false" name="QueryState" order="12" width="71"/>
                <column hidden="false" name="Pull-Up/Down" order="10" width="94"/>
                <column hidden="false" name="Delay to Inactive" order="9" width="94"/>
                <column hidden="false" name="Use Global Delays" order="7" width="94"/>
                <column hidden="false" name="Column6" order="6" width="57"/>
                <column hidden="false" name="State" order="2" width="105"/>
                <column hidden="false" name="Inverted" order="5" width="50"/>
                <column hidden="false" name="System Name" order="0" width="61"/>
            </columns>
            <sortOrder>
                <sortKey column="0" sortOrder="ASCENDING"/>
                <sortKey column="1" sortOrder="ASCENDING"/>
            </sortOrder>
        </table>
        <table xmlns="" name="jmri.jmrit.beantable.ReporterTableAction:Internal">
            <columns/>
        </table>
        <table xmlns="" name="jmri.jmrit.beantable.BlockTableAction:Blocks">
            <columns>
                <column hidden="false" name="Comment" order="3" width="171"/>
                <column hidden="false" name="Speed" order="14" width="83"/>
                <column hidden="false" name="User Name" order="1" width="171"/>
                <column hidden="false" name="Reporter" order="11" width="94"/>
                <column hidden="false" name="Permissive" order="13" width="83"/>
                <column hidden="false" name="Column4" order="4" width="73"/>
                <column hidden="false" name="Edit" order="5" width="83"/>
                <column hidden="false" name="Direction" order="6" width="83"/>
                <column hidden="false" name="Length" order="7" width="83"/>
                <column hidden="false" name="State" order="9" width="94"/>
                <column hidden="false" name="Use Current" order="12" width="83"/>
                <column hidden="false" name="Value" order="2" width="43"/>
                <column hidden="false" name="System Name" order="0" width="61"/>
                <column hidden="false" name="Curvature" order="8" width="94"/>
                <column hidden="false" name="Sensor" order="10" width="94"/>
            </columns>
            <sortOrder>
                <sortKey column="14" sortOrder="ASCENDING"/>
                <sortKey column="1" sortOrder="ASCENDING"/>
            </sortOrder>
        </table>
        <table xmlns="" name="jmri.jmrit.beantable.TransitTableAction:Transits">
            <columns/>
        </table>
        <table xmlns="" name="jmri.jmrit.beantable.LRouteTableAction:LRoutes">
            <columns/>
        </table>
        <table xmlns="" name="jmri.jmrit.logixng.LogixNG_UserPreferences:LogixNGs">
            <columns/>
        </table>
        <table xmlns="" name="jmri.jmrit.beantable.LightTableAction:All">
            <columns/>
        </table>
        <table xmlns="" name="jmri.jmrit.beantable.ReporterTableAction:All">
            <columns/>
        </table>
        <table xmlns="" name="jmri.jmrit.beantable.LogixTableAction:Logix">
            <columns/>
        </table>
        <table xmlns="" name="jmri.jmrit.beantable.SensorTableAction:LocoNet">
            <columns>
                <column hidden="false" name="Comment" order="3" width="216"/>
                <column hidden="false" name="User Name" order="1" width="216"/>
                <column hidden="false" name="ForgetState" order="11" width="81"/>
                <column hidden="false" name="Delay to Active" order="8" width="118"/>
                <column hidden="false" name="Column4" order="4" width="81"/>
                <column hidden="false" name="QueryState" order="12" width="79"/>
                <column hidden="false" name="Pull-Up/Down" order="10" width="118"/>
                <column hidden="false" name="Delay to Inactive" order="9" width="118"/>
                <column hidden="false" name="Use Global Delays" order="7" width="118"/>
                <column hidden="false" name="Column6" order="6" width="63"/>
                <column hidden="false" name="State" order="2" width="121"/>
                <column hidden="false" name="Inverted" order="5" width="62"/>
                <column hidden="false" name="System Name" order="0" width="76"/>
            </columns>
            <sortOrder>
                <sortKey column="0" sortOrder="ASCENDING"/>
                <sortKey column="1" sortOrder="ASCENDING"/>
            </sortOrder>
        </table>
        <table xmlns="" name="jmri.jmrit.logixng.LogixNG_UserPreferences:LogixNG Global Variables">
            <columns/>
        </table>
        <table xmlns="" name="jmri.jmrit.beantable.SignalGroupTableAction:Signal Groups">
            <columns/>
        </table>
        <table xmlns="" name="jmri.jmrit.beantable.SignalMastLogicTableAction:Signal Mast Logic">
            <columns/>
        </table>
        <table xmlns="" name="jmri.jmrit.logixng.LogixNG_UserPreferences:LogixNG Modules">
            <columns/>
        </table>
        <table xmlns="" name="jmri.jmrit.beantable.TurnoutTableAction:All">
            <columns>
                <column hidden="false" name="Comment" order="3" width="171"/>
                <column hidden="true" name="Lock Mode" order="14" width="116"/>
                <column hidden="true" name="Thrown Speed" order="17" width="160"/>
                <column hidden="false" name="User Name" order="1" width="245"/>
                <column hidden="true" name="Closed Speed" order="16" width="160"/>
                <column hidden="true" name="ForgetState" order="18" width="69"/>
                <column hidden="true" name="Mode" order="9" width="116"/>
                <column hidden="true" name="Column13" order="13" width="83"/>
                <column hidden="false" name="Column4" order="4" width="73"/>
                <column hidden="true" name="Retry Automation" order="12" width="106"/>
                <column hidden="true" name="Send ON and OFF" order="21" width="109"/>
                <column hidden="true" name="QueryState" order="19" width="67"/>
                <column hidden="true" name="Decoder" order="15" width="116"/>
                <column hidden="false" name="Locked" order="6" width="72"/>
                <column hidden="false" name="Column7" order="7" width="57"/>
                <column hidden="true" name="Feedback" order="8" width="116"/>
                <column hidden="true" name="Sensor1" order="10" width="61"/>
                <column hidden="false" name="State" order="2" width="105"/>
                <column hidden="false" name="Inverted" order="5" width="72"/>
                <column hidden="true" name="Bypass Bushby Bit" order="20" width="108"/>
                <column hidden="true" name="Sensor2" order="11" width="61"/>
                <column hidden="false" name="System Name" order="0" width="61"/>
            </columns>
            <sortOrder>
                <sortKey column="0" sortOrder="DESCENDING"/>
                <sortKey column="1" sortOrder="ASCENDING"/>
            </sortOrder>
        </table>
        <table xmlns="" name="jmri.jmrit.beantable.AudioTableAction">
            <columns>
                <column hidden="false" name="Comment" order="3" width="126"/>
                <column hidden="false" name="Description" order="2" width="406"/>
                <column hidden="false" name="User Name" order="1" width="126"/>
                <column hidden="false" name="Column4" order="4" width="67"/>
                <column hidden="false" name="Column5" order="5" width="55"/>
                <column hidden="false" name="System Name" order="0" width="46"/>
            </columns>
            <sortOrder>
                <sortKey column="0" sortOrder="ASCENDING"/>
            </sortOrder>
        </table>
        <table xmlns="" name="jmri.jmrit.beantable.TurnoutTableAction:Internal">
            <columns/>
        </table>
        <table xmlns="" name="jmri.jmrit.beantable.MemoryTableAction:Memory Variables">
            <columns/>
        </table>
        <table xmlns="" name="jmri.jmrit.beantable.LightTableAction:LocoNet">
            <columns/>
        </table>
        <table xmlns="" name="jmri.jmrit.beantable.RouteTableAction:Routes">
            <columns/>
        </table>
        <table xmlns="" name="jmri.jmrit.beantable.LightTableAction:Internal">
            <columns/>
        </table>
        <table xmlns="" name="jmri.jmrit.beantable.RailComTableAction:RailCom IDs">
            <columns/>
        </table>
        <table xmlns="" name="jmri.jmrit.beantable.IdTagTableAction:Internal">
            <columns>
                <column hidden="false" name="" order="4" width="75"/>
                <column hidden="false" name="Comment" order="3" width="75"/>
                <column hidden="false" name="User Name" order="1" width="75"/>
                <column hidden="false" name="Where seen" order="5" width="75"/>
                <column hidden="false" name="System Name" order="0" width="75"/>
                <column hidden="false" name="Tag ID" order="2" width="75"/>
                <column hidden="false" name="When seen" order="6" width="75"/>
            </columns>
            <sortOrder/>
        </table>
        <table xmlns="" name="jmri.jmrit.beantable.SignalMastTableAction:Signal Masts">
            <columns/>
        </table>
        <table xmlns="" name="jmri.jmrit.beantable.IdTagTableAction:LocoNet">
            <columns/>
        </table>
        <table xmlns="" name="jmri.jmrit.beantable.TurnoutTableAction:LocoNet">
            <columns/>
        </table>
        <table xmlns="" name="jmri.jmrit.beantable.IdTagTableAction:All">
            <columns/>
        </table>
        <table xmlns="" name="jmri.jmrit.beantable.ReporterTableAction:LocoNet">
            <columns/>
        </table>
        <table xmlns="" name="jmri.jmrit.logixng.LogixNG_UserPreferences:LogixNG Tables">
            <columns/>
        </table>
        <table xmlns="" name="jmri.jmrit.beantable.SectionTableAction:Sections">
            <columns/>
        </table>
        <table xmlns="" name="jmri.jmrit.beantable.SensorTableAction:All">
            <columns>
                <column hidden="false" name="Comment" order="3" width="126"/>
                <column hidden="false" name="User Name" order="1" width="270"/>
                <column hidden="false" name="ForgetState" order="11" width="72"/>
                <column hidden="false" name="Delay to Active" order="7" width="70"/>
                <column hidden="false" name="Column4" order="4" width="63"/>
                <column hidden="false" name="QueryState" order="12" width="110"/>
                <column hidden="false" name="Pull-Up/Down" order="10" width="70"/>
                <column hidden="false" name="Delay to Inactive" order="8" width="70"/>
                <column hidden="false" name="Use Global Delays" order="9" width="57"/>
                <column hidden="false" name="Column6" order="6" width="94"/>
                <column hidden="false" name="State" order="2" width="221"/>
                <column hidden="false" name="Inverted" order="5" width="69"/>
                <column hidden="false" name="System Name" order="0" width="211"/>
            </columns>
            <sortOrder>
                <sortKey column="0" sortOrder="ASCENDING"/>
                <sortKey column="2" sortOrder="ASCENDING"/>
                <sortKey column="1" sortOrder="DESCENDING"/>
            </sortOrder>
        </table>
        <table xmlns="" name="jmri.jmrit.beantable.SignalHeadTableAction:Signal Heads">
            <columns/>
        </table>
    </tableDetails>
    <windowDetails xmlns="http://jmri.org/xml/schema/auxiliary-configuration/window-details-4-3-5.xsd">
        <window xmlns="" class="jmri.jmrix.loconet.swing.throttlemsg.MessagePanel" height="117.0" locX="25.0" locY="38.0" width="246.0"/>
        <window xmlns="" class="jmri.jmrit.beantable.ListedTableFrame:Transits" height="982.0" locX="25.0" locY="38.0" width="1585.0"/>
        <window xmlns="" class="Edit Track Segment:1" locX="50.0" locY="30.0"/>
        <window xmlns="" class="Local JMRI throttles" height="236.0" locX="1.0" locY="0.0" width="332.0"/>
        <window xmlns="" class="jmri.jmrit.beantable.ListedTableFrame:Sensors:2" height="963.0" locX="25.0" locY="45.0" width="1742.0"/>
        <window xmlns="" class="jmri.jmrit.beantable.ListedTableFrame:Sections" height="675.0" locX="647.0" locY="86.0" width="1248.0"/>
        <window xmlns="" class="apps.gui3.tabbedpreferences.TabbedPreferencesFrame:Preferences" height="1008.0" locX="-9.0" locY="-9.0" width="1920.0"/>
        <window xmlns="" class="jmri.jmrit.automat.monitor.AutomatTableFrame:2" height="503.0" locX="50.0" locY="76.0" width="470.0"/>
        <window xmlns="" class="jmri.jmrit.beantable.ListedTableFrame">
            <properties>
                <property>
                    <key>dividerLocation</key>
                    <value class="java.lang.Integer">141</value>
                </property>
            </properties>
        </window>
        <window xmlns="" class="jmri.jmrit.beantable.ListedTableFrame:Sensors" height="1008.0" locX="-11.0" locY="-11.0" width="1920.0"/>
        <window xmlns="" class="jmri.jmrit.beantable.ListedTableFrame:Turnouts" height="1028.0" locX="952.0" locY="0.0" width="976.0"/>
        <window xmlns="" class="Script Entry" height="218.0" locX="25.0" locY="30.0" width="483.0"/>
        <window xmlns="" class="Script Output:1" height="360.0" locX="84.0" locY="605.0" width="528.0"/>
        <window xmlns="" class="jmri.jmrix.loconet.slotmon.SlotMonPane" height="507.0" locX="310.0" locY="84.0" width="470.0"/>
        <window xmlns="" class="jmri.jmrit.powerpanel.PowerPane:1" height="182.0" locX="50.0" locY="76.0" width="219.0"/>
        <window xmlns="" class="jmri.jmrit.display.layoutEditor.LayoutBlock$LayoutBlockEditAction">
            <properties>
                <property>
                    <key>selectedTabIndex</key>
                    <value class="java.lang.Integer">1</value>
                </property>
            </properties>
        </window>
        <window xmlns="" class="jmri.jmrit.powerpanel.PowerPane" height="206.0" locX="45.0" locY="649.0" width="357.0"/>
        <window xmlns="" class="Edit Track Segment" locX="50.0" locY="30.0"/>
        <window xmlns="" class="jmri.jmrit.beantable.beanedit.SensorEditAction">
            <properties>
                <property>
                    <key>selectedTabIndex</key>
                    <value class="java.lang.Integer">2</value>
                </property>
            </properties>
        </window>
        <window xmlns="" class="jmri.jmrit.simpleturnoutctrl.SimpleTurnoutCtrlFrame" height="263.0" locX="61.0" locY="72.0" width="166.0"/>
        <window xmlns="" class="Edit Turnout" locX="50.0" locY="30.0"/>
        <window xmlns="" class="jmri.jmrit.beantable.ListedTableFrame:Lights" height="982.0" locX="25.0" locY="38.0" width="1702.0"/>
        <window xmlns="" class="Script Output" height="421.0" locX="936.0" locY="564.0" width="973.0"/>
        <window xmlns="" class="jmri.jmrit.beantable.routetable.RouteAddFrame:Add/Edit Route" locX="100.0" locY="30.0"/>
        <window xmlns="" class="jmri.jmrit.roster.Roster"/>
        <window xmlns="" class="jmri.jmrix.loconet.clockmon.ClockMonPane" height="200.0" locX="50.0" locY="76.0" width="169.0"/>
        <window xmlns="" class="jmri.jmrit.beantable.ListedTableFrame:RailCom IDs" height="982.0" locX="25.0" locY="38.0" width="1585.0"/>
        <window xmlns="" class="PanelPro" height="524.0" locX="931.0" locY="51.0" width="978.0"/>
        <window xmlns="" class="jmri.jmrix.loconet.locomon.LocoMonPane" height="317.0" locX="711.0" locY="511.0" width="1172.0"/>
        <window xmlns="" class="Edit Slip" locX="50.0" locY="30.0"/>
        <window xmlns="" class="jmri.jmrix.loconet.locomon.LocoMonPane.FilterField">
            <properties>
                <property>
                    <key>jmri.jmrix.loconet.locomon.LocoMonPane.FilterField</key>
                    <value class="java.lang.String"/>
                </property>
            </properties>
        </window>
        <window xmlns="" class="jmri.jmrix.loconet.locomon.LocoMonPane:1" height="561.0" locX="-82.0" locY="442.0" width="1870.0"/>
        <window xmlns="" class="jmri.jmrit.beantable.ListedTableFrame:Sensors:1" height="786.0" locX="0.0" locY="30.0" width="1207.0"/>
        <window xmlns="" class="jmri.jmrit.throttle.ThrottleWindow" height="581.0" locX="1006.0" locY="361.0" width="860.0"/>
        <window xmlns="" class="jmri.jmrit.automat.monitor.AutomatTableFrame:1" height="485.0" locX="886.0" locY="283.0" width="466.0"/>
        <window xmlns="" class="jmri.jmrit.display.controlPanelEditor.ControlPanelEditor:Control Panel" height="384.0" locX="20.0" locY="20.0" width="765.0"/>
        <window xmlns="" class="jmri.jmrit.throttle.ThrottleWindow:1" height="550.0" locX="1106.0" locY="351.0" width="732.0"/>
        <window xmlns="" class="jmri.jmrit.display.Editor$JFrameItem:Sensor" height="516.0" locX="536.0" locY="193.0" width="430.0"/>
        <window xmlns="" class="Edit Track Segment:2" locX="50.0" locY="30.0"/>
        <window xmlns="" class="jmri.jmrit.revhistory.swing.FileHistoryAction$1" height="895.0" locX="0.0" locY="0.0" width="1117.0"/>
        <window xmlns="" class="jmri.jmrit.beantable.ListedTableFrame:Turnouts:1" height="982.0" locX="25.0" locY="38.0" width="1585.0"/>
        <window xmlns="" class="jmri.jmrit.automat.monitor.AutomatTableFrame" height="518.0" locX="944.0" locY="133.0" width="976.0"/>
        <window xmlns="" class="jmri.jmrit.sensorgroup.SensorGroupFrame" height="482.0" locX="25.0" locY="38.0" width="577.0"/>
        <window xmlns="" class="jmri.jmrit.throttle.ThrottleWindow:2" height="537.0" locX="1055.0" locY="149.0" width="725.0"/>
        <window xmlns="" class="Add New Turnout" locX="0.0" locY="0.0"/>
        <window xmlns="" class="Add New Sensor" height="264.0" locX="25.0" locY="30.0" width="667.0"/>
        <window xmlns="" class="jmri.jmrit.display.layoutEditor.LayoutEditor:My Layout" height="1030.0" locX="-11.0" locY="-11.0" width="1942.0">
            <properties>
                <property>
                    <key>zoom</key>
                    <value class="java.lang.Double">0.6573370651739304</value>
                </property>
            </properties>
        </window>
        <window xmlns="" class="jmri.jmrix.loconet.locostats.swing.LocoStatsPanel" height="167.0" locX="25.0" locY="45.0" width="838.0"/>
        <window xmlns="" class="jmri.jmrit.beantable.ListedTableFrame:Blocks" height="1038.0" locX="-9.0" locY="-9.0" width="1938.0"/>
        <window xmlns="" class="jmri.jmrit.beantable.beanedit.BlockEditAction">
            <properties>
                <property>
                    <key>selectedTabIndex</key>
                    <value class="java.lang.Integer">2</value>
                </property>
            </properties>
        </window>
        <window xmlns="" class="jmri.jmrit.consisttool.ConsistToolFrame" height="601.0" locX="75.0" locY="90.0" width="524.0"/>
        <window xmlns="" class="jmri.jmrit.simplelightctrl.SimpleLightCtrlFrame" height="318.0" locX="75.0" locY="114.0" width="318.0"/>
        <window xmlns="" class="jmri.jmrix.loconet.locoid.LocoIdPanel" height="153.0" locX="25.0" locY="38.0" width="166.0"/>
        <window xmlns="" class="jmri.jmrit.beantable.BlockTableAction">
            <properties>
                <property>
                    <key>Restore Rule</key>
                    <value class="java.lang.String">RESTOREONLYIFALLOCCUPIED</value>
                </property>
            </properties>
        </window>
    </windowDetails>
</auxiliary-configuration>
