<?xml version="1.0" encoding="UTF-8"?>
<auxiliary-configuration xmlns="http://www.netbeans.org/ns/auxiliary-configuration/1">
    <classPreferences xmlns="http://jmri.org/xml/schema/auxiliary-configuration/class-preferences-4-3-5.xsd">
        <preferences xmlns="" class="jmri.jmrit.beantable.SignalMastTableAction"/>
        <preferences xmlns="" class="jmri.jmrit.beantable.LogixTableAction"/>
        <preferences xmlns="" class="jmri.jmrit.beantable.TurnoutTableAction"/>
        <preferences xmlns="" class="jmri.jmrit.beantable.LRouteTableAction"/>
        <preferences xmlns="" class="jmri.managers.JmriUserPreferencesManager"/>
        <preferences xmlns="" class="jmri.jmrit.beantable.SensorTableAction"/>
        <preferences xmlns="" class="jmri.jmrit.beantable.SignalHeadTableAction"/>
        <preferences xmlns="" class="jmri.jmrit.beantable.IdTagTableAction"/>
        <preferences xmlns="" class="jmri.jmrit.beantable.SectionTableAction"/>
        <preferences xmlns="" class="jmri.jmrit.beantable.BlockTableAction"/>
        <preferences xmlns="" class="jmri.jmrit.beantable.AudioTableAction"/>
        <preferences xmlns="" class="jmri.jmrit.beantable.SignalGroupTableAction"/>
        <preferences xmlns="" class="jmri.jmrit.beantable.LightTableAction"/>
        <preferences xmlns="" class="jmri.jmrit.beantable.TransitTableAction"/>
        <preferences xmlns="" class="jmri.jmrit.beantable.ReporterTableAction"/>
        <preferences xmlns="" class="jmri.jmrit.beantable.RouteTableAction"/>
        <preferences xmlns="" class="jmri.jmrit.beantable.MemoryTableAction"/>
    </classPreferences>
    <comboBoxLastValue xmlns="http://jmri.org/xml/schema/auxiliary-configuration/combobox-4-3-5.xsd">
        <comboBox xmlns="" lastSelected="Internal" name="jmri.jmrit.beantable.SensorTableAction.SystemSelected"/>
        <comboBox xmlns="" lastSelected="SPROG" name="SPROG DCC"/>
        <comboBox xmlns="" lastSelected="LocoNet PR4" name="Digitrax"/>
        <comboBox xmlns="" lastSelected="LocoNet" name="jmri.jmrit.beantable.TurnoutTableAction.SystemSelected"/>
    </comboBoxLastValue>
    <settings xmlns="http://jmri.org/xml/schema/auxiliary-configuration/settings-4-3-5.xsd">
        <setting xmlns="">jmri.jmrit.display.layoutEditor.LayoutEditor:My Layout.toolBarThin</setting>
    </settings>
    <tableDetails xmlns="http://jmri.org/xml/schema/auxiliary-configuration/table-details-4-3-5.xsd">
        <table xmlns="" name="jmri.jmrit.beantable.AudioTableAction">
            <columns>
                <column hidden="false" name="Comment" order="3" width="126"/>
                <column hidden="false" name="Description" order="2" width="406"/>
                <column hidden="false" name="User Name" order="1" width="126"/>
                <column hidden="false" name="Column4" order="4" width="67"/>
                <column hidden="false" name="Column5" order="5" width="55"/>
                <column hidden="false" name="System Name" order="0" width="46"/>
            </columns>
            <sortOrder>
                <sortKey column="0" sortOrder="ASCENDING"/>
            </sortOrder>
        </table>
        <table xmlns="" name="apps.gui3.dp3.DecoderPro3Window:DecoderPro:roster">
            <columns>
                <column hidden="false" name="Owner" order="8" width="51"/>
                <column hidden="false" name="Manufacturer" order="6" width="80"/>
                <column hidden="false" name="Model" order="7" width="47"/>
                <column hidden="false" name="ID" order="0" width="47"/>
                <column hidden="false" name="Icon" order="2" width="41"/>
                <column hidden="false" name="Road Number" order="5" width="82"/>
                <column hidden="false" name="Date Modified" order="9" width="81"/>
                <column hidden="false" name="Decoder Model" order="3" width="88"/>
                <column hidden="true" name="Protocol" order="10" width="58"/>
                <column hidden="false" name="Road Name" order="4" width="71"/>
                <column hidden="false" name="DCC Address" order="1" width="80"/>
            </columns>
            <sortOrder>
                <sortKey column="1" sortOrder="ASCENDING"/>
            </sortOrder>
        </table>
        <table xmlns="" name="jmri.jmrit.beantable.SensorTableAction:LocoNet">
            <columns>
                <column hidden="false" name="Comment" order="3" width="126"/>
                <column hidden="false" name="User Name" order="1" width="126"/>
                <column hidden="false" name="ForgetState" order="11" width="69"/>
                <column hidden="false" name="Delay to Active" order="8" width="70"/>
                <column hidden="false" name="Column4" order="4" width="67"/>
                <column hidden="false" name="QueryState" order="12" width="67"/>
                <column hidden="false" name="Pull-Up/Down" order="10" width="70"/>
                <column hidden="false" name="Delay to Inactive" order="9" width="70"/>
                <column hidden="false" name="Use Global Delays" order="7" width="70"/>
                <column hidden="false" name="Column6" order="6" width="55"/>
                <column hidden="false" name="State" order="2" width="95"/>
                <column hidden="false" name="Inverted" order="5" width="38"/>
                <column hidden="false" name="System Name" order="0" width="46"/>
            </columns>
            <sortOrder>
                <sortKey column="0" sortOrder="ASCENDING"/>
                <sortKey column="2" sortOrder="ASCENDING"/>
                <sortKey column="1" sortOrder="ASCENDING"/>
            </sortOrder>
        </table>
        <table xmlns="" name="jmri.jmrit.beantable.SensorTableAction:All">
            <columns>
                <column hidden="false" name="Comment" order="3" width="126"/>
                <column hidden="false" name="User Name" order="1" width="126"/>
                <column hidden="false" name="ForgetState" order="11" width="69"/>
                <column hidden="false" name="Delay to Active" order="8" width="70"/>
                <column hidden="false" name="Column4" order="4" width="67"/>
                <column hidden="false" name="QueryState" order="12" width="67"/>
                <column hidden="false" name="Pull-Up/Down" order="10" width="70"/>
                <column hidden="false" name="Delay to Inactive" order="9" width="70"/>
                <column hidden="false" name="Use Global Delays" order="7" width="70"/>
                <column hidden="false" name="Column6" order="6" width="55"/>
                <column hidden="false" name="State" order="2" width="95"/>
                <column hidden="false" name="Inverted" order="5" width="38"/>
                <column hidden="false" name="System Name" order="0" width="106"/>
            </columns>
            <sortOrder>
                <sortKey column="0" sortOrder="ASCENDING"/>
                <sortKey column="2" sortOrder="DESCENDING"/>
                <sortKey column="1" sortOrder="ASCENDING"/>
            </sortOrder>
        </table>
    </tableDetails>
    <windowDetails xmlns="http://jmri.org/xml/schema/auxiliary-configuration/window-details-4-3-5.xsd">
        <window xmlns="" class="jmri.jmrit.display.layoutEditor.LayoutEditor:My Layout" height="687.0" locX="-7.0" locY="-7.0" width="1295.0"/>
        <window xmlns="" class="jmri.jmrit.throttle.ThrottleWindow" height="1028.0" locX="0.0" locY="0.0" width="723.0"/>
        <window xmlns="" class="jmri.jmrix.loconet.locomon.LocoMonPane" height="342.0" locX="-6.0" locY="0.0" width="652.0"/>
        <window xmlns="" class="jmri.jmrix.sprog.console.SprogConsoleFrame" height="484.0" locX="7.0" locY="0.0" width="1529.0"/>
        <window xmlns="" class="Script Output" height="228.0" locX="25.0" locY="38.0" width="337.0"/>
        <window xmlns="" class="apps.gui3.tabbedpreferences.TabbedPreferencesFrame:Preferences" height="642.0" locX="239.0" locY="5.0" width="925.0"/>
        <window xmlns="" class="jmri.jmrit.powerpanel.PowerPane" height="535.0" locX="-6.0" locY="143.0" width="652.0"/>
        <window xmlns="" class="jmri.jmrit.sensorgroup.SensorGroupFrame" height="451.0" locX="0.0" locY="0.0" width="546.0"/>
        <window xmlns="" class="Local JMRI throttles" height="237.0" locX="25.0" locY="30.0" width="334.0"/>
        <window xmlns="" class="Add New Sensor" height="177.0" locX="25.0" locY="30.0" width="667.0"/>
        <window xmlns="" class="Edit Turnout" locX="50.0" locY="30.0"/>
        <window xmlns="" class="jmri.jmrit.beantable.ListedTableFrame:Turnouts" height="678.0" locX="-6.0" locY="0.0" width="652.0"/>
        <window xmlns="" class="jmri.jmrix.loconet.locomon.LocoMonPane:1" height="508.0" locX="7.0" locY="0.0" width="1280.0"/>
        <window xmlns="" class="jmri.jmrit.beantable.ListedTableFrame:Sensors" height="642.0" locX="628.0" locY="30.0" width="652.0"/>
        <window xmlns="" class="jmri.jmrit.roster.Roster"/>
        <window xmlns="" class="Add New Turnout" locX="347.0" locY="208.0"/>
        <window xmlns="" class="jmri.jmrit.beantable.beanedit.SensorEditAction">
            <properties>
                <property>
                    <key>selectedTabIndex</key>
                    <value class="java.lang.Integer">0</value>
                </property>
            </properties>
        </window>
        <window xmlns="" class="jmri.jmrit.beantable.ListedTableFrame">
            <properties>
                <property>
                    <key>dividerLocation</key>
                    <value class="java.lang.Integer">141</value>
                </property>
            </properties>
        </window>
        <window xmlns="" class="PanelPro" height="607.0" locX="529.0" locY="121.0" width="1160.0"/>
        <window xmlns="" class="jmri.jmrit.display.layoutEditor.LayoutBlock$LayoutBlockEditAction">
            <properties>
                <property>
                    <key>selectedTabIndex</key>
                    <value class="java.lang.Integer">1</value>
                </property>
            </properties>
        </window>
        <window xmlns="" class="jmri.jmrit.beantable.ListedTableFrame:LogixNGs" height="566.0" locX="0.0" locY="0.0" width="1248.0"/>
        <window xmlns="" class="jmri.jmrit.automat.monitor.AutomatTableFrame" height="486.0" locX="12.0" locY="466.0" width="466.0"/>
        <window xmlns="" class="jmri.jmrix.loconet.locomon.LocoMonPane.FilterField">
            <properties>
                <property>
                    <key>jmri.jmrix.loconet.locomon.LocoMonPane.FilterField</key>
                    <value class="java.lang.String"/>
                </property>
            </properties>
        </window>
        <window xmlns="" class="jmri.jmrix.sprog.sprogmon.SprogMonFrame" height="324.0" locX="7.0" locY="0.0" width="1529.0"/>
        <window xmlns="" class="Edit Track Segment" locX="50.0" locY="30.0"/>
    </windowDetails>
</auxiliary-configuration>
