<?xml version="1.0" encoding="UTF-8"?>
<Permissions>
  <Settings>
    <Enabled>no</Enabled>
    <AllowEmptyPasswords>no</AllowEmptyPasswords>
  </Settings>
  <Roles>
    <Role>
      <SystemName>REMOTE_GUEST</SystemName>
      <Name>Remote guest</Name>
      <Permissions>
        <Permission>
          <Class>jmri.PermissionsSystemAdmin$PermissionEditOwnPassword</Class>
          <Enabled>no</Enabled>
        </Permission>
        <Permission>
          <Class>jmri.PermissionsSystemAdmin$PermissionEditPermissions</Class>
          <Enabled>no</Enabled>
        </Permission>
        <Permission>
          <Class>jmri.PermissionsSystemAdmin$PermissionEditPreferences</Class>
          <Enabled>no</Enabled>
        </Permission>
        <Permission>
          <Class>jmri.configurexml.LoadAndStorePermissionOwner$LoadXmlFilePermission</Class>
          <Enabled>no</Enabled>
        </Permission>
        <Permission>
          <Class>jmri.jmrit.display.EditorPermissions$EditorPermission</Class>
          <Enabled>ViewControlEdit</Enabled>
        </Permission>
        <Permission>
          <Class>jmri.configurexml.LoadAndStorePermissionOwner$StoreXmlFilePermission</Class>
          <Enabled>no</Enabled>
        </Permission>
      </Permissions>
    </Role>
    <Role>
      <SystemName>ADMIN</SystemName>
      <Name>Administrator</Name>
      <Permissions>
        <Permission>
          <Class>jmri.PermissionsSystemAdmin$PermissionEditOwnPassword</Class>
          <Enabled>yes</Enabled>
        </Permission>
        <Permission>
          <Class>jmri.PermissionsSystemAdmin$PermissionEditPermissions</Class>
          <Enabled>yes</Enabled>
        </Permission>
        <Permission>
          <Class>jmri.PermissionsSystemAdmin$PermissionEditPreferences</Class>
          <Enabled>yes</Enabled>
        </Permission>
        <Permission>
          <Class>jmri.configurexml.LoadAndStorePermissionOwner$LoadXmlFilePermission</Class>
          <Enabled>yes</Enabled>
        </Permission>
        <Permission>
          <Class>jmri.jmrit.display.EditorPermissions$EditorPermission</Class>
          <Enabled>ViewControlEdit</Enabled>
        </Permission>
        <Permission>
          <Class>jmri.configurexml.LoadAndStorePermissionOwner$StoreXmlFilePermission</Class>
          <Enabled>yes</Enabled>
        </Permission>
      </Permissions>
    </Role>
    <Role>
      <SystemName>GUEST</SystemName>
      <Name>Guest</Name>
      <Permissions>
        <Permission>
          <Class>jmri.PermissionsSystemAdmin$PermissionEditOwnPassword</Class>
          <Enabled>no</Enabled>
        </Permission>
        <Permission>
          <Class>jmri.PermissionsSystemAdmin$PermissionEditPermissions</Class>
          <Enabled>no</Enabled>
        </Permission>
        <Permission>
          <Class>jmri.PermissionsSystemAdmin$PermissionEditPreferences</Class>
          <Enabled>no</Enabled>
        </Permission>
        <Permission>
          <Class>jmri.configurexml.LoadAndStorePermissionOwner$LoadXmlFilePermission</Class>
          <Enabled>no</Enabled>
        </Permission>
        <Permission>
          <Class>jmri.jmrit.display.EditorPermissions$EditorPermission</Class>
          <Enabled>ViewControlEdit</Enabled>
        </Permission>
        <Permission>
          <Class>jmri.configurexml.LoadAndStorePermissionOwner$StoreXmlFilePermission</Class>
          <Enabled>no</Enabled>
        </Permission>
      </Permissions>
    </Role>
    <Role>
      <SystemName>STANDARD_USER</SystemName>
      <Name>Standard user</Name>
      <Permissions>
        <Permission>
          <Class>jmri.PermissionsSystemAdmin$PermissionEditOwnPassword</Class>
          <Enabled>yes</Enabled>
        </Permission>
        <Permission>
          <Class>jmri.PermissionsSystemAdmin$PermissionEditPermissions</Class>
          <Enabled>no</Enabled>
        </Permission>
        <Permission>
          <Class>jmri.PermissionsSystemAdmin$PermissionEditPreferences</Class>
          <Enabled>no</Enabled>
        </Permission>
        <Permission>
          <Class>jmri.configurexml.LoadAndStorePermissionOwner$LoadXmlFilePermission</Class>
          <Enabled>no</Enabled>
        </Permission>
        <Permission>
          <Class>jmri.jmrit.display.EditorPermissions$EditorPermission</Class>
          <Enabled>ViewControlEdit</Enabled>
        </Permission>
        <Permission>
          <Class>jmri.configurexml.LoadAndStorePermissionOwner$StoreXmlFilePermission</Class>
          <Enabled>no</Enabled>
        </Permission>
      </Permissions>
    </Role>
  </Roles>
  <Users>
    <User>
      <SystemUsername>ADMIN</SystemUsername>
      <Username>admin</Username>
      <Password>544CCD22C546D14D02D282ECA44307475EC9623DAF0C3F7A510F17FBA5E27E83</Password>
      <Seed>gkpnp2w1b2</Seed>
      <Name />
      <Comment />
      <Roles>
        <Role>
          <SystemName>ADMIN</SystemName>
          <Name>Administrator</Name>
        </Role>
        <Role>
          <SystemName>STANDARD_USER</SystemName>
          <Name>Standard user</Name>
        </Role>
      </Roles>
    </User>
    <User>
      <SystemUsername>GUEST</SystemUsername>
      <Username>guest</Username>
      <Name />
      <Comment />
      <Roles>
        <Role>
          <SystemName>GUEST</SystemName>
          <Name>Guest</Name>
        </Role>
      </Roles>
    </User>
    <User>
      <SystemUsername>REMOTE_GUEST</SystemUsername>
      <Username>remote guest</Username>
      <Name />
      <Comment />
      <Roles>
        <Role>
          <SystemName>REMOTE_GUEST</SystemName>
          <Name>Remote guest</Name>
        </Role>
      </Roles>
    </User>
  </Users>
  <!--Written by JMRI version 5.10+Rca461bd266 on Fri Apr 04 14:40:55 CEST 2025-->
</Permissions>
