<?xml version="1.0" encoding="UTF-8"?>
<?xml-stylesheet href="/xml/XSLT/panelfile-5-5-5.xsl" type="text/xsl"?>
<layout-config xmlns:xsi="http://www.w3.org/2001/XMLSchema-instance" xsi:noNamespaceSchemaLocation="http://jmri.org/xml/schema/layout-5-5-5.xsd">
  <jmriversion>
    <major>5</major>
    <minor>10</minor>
    <test>0</test>
    <modifier />
  </jmriversion>
  <sensors class="jmri.jmrix.loconet.configurexml.LnSensorManagerXml">
    <sensor inverted="false">
      <systemName>LS1</systemName>
    </sensor>
    <sensor inverted="false">
      <systemName>LS2</systemName>
    </sensor>
    <sensor inverted="false">
      <systemName>LS3</systemName>
    </sensor>
    <sensor inverted="false">
      <systemName>LS4</systemName>
    </sensor>
    <sensor inverted="false">
      <systemName>LS5</systemName>
    </sensor>
    <sensor inverted="false">
      <systemName>LS6</systemName>
    </sensor>
    <sensor inverted="false">
      <systemName>LS7</systemName>
    </sensor>
    <sensor inverted="false">
      <systemName>LS8</systemName>
    </sensor>
    <sensor inverted="false">
      <systemName>LS9</systemName>
    </sensor>
    <sensor inverted="false">
      <systemName>LS10</systemName>
    </sensor>
    <sensor inverted="false">
      <systemName>LS11</systemName>
    </sensor>
    <sensor inverted="false">
      <systemName>LS12</systemName>
    </sensor>
    <sensor inverted="false">
      <systemName>LS13</systemName>
    </sensor>
    <sensor inverted="false">
      <systemName>LS14</systemName>
    </sensor>
    <sensor inverted="false">
      <systemName>LS15</systemName>
    </sensor>
    <sensor inverted="false">
      <systemName>LS16</systemName>
    </sensor>
    <sensor inverted="false">
      <systemName>LS17</systemName>
    </sensor>
    <sensor inverted="false">
      <systemName>LS18</systemName>
    </sensor>
    <sensor inverted="false">
      <systemName>LS19</systemName>
    </sensor>
    <sensor inverted="false">
      <systemName>LS20</systemName>
    </sensor>
    <sensor inverted="false">
      <systemName>LS21</systemName>
    </sensor>
    <sensor inverted="false">
      <systemName>LS22</systemName>
    </sensor>
    <sensor inverted="false">
      <systemName>LS23</systemName>
    </sensor>
    <sensor inverted="false">
      <systemName>LS24</systemName>
    </sensor>
    <sensor inverted="false">
      <systemName>LS25</systemName>
    </sensor>
    <sensor inverted="false">
      <systemName>LS26</systemName>
    </sensor>
    <sensor inverted="false">
      <systemName>LS27</systemName>
    </sensor>
    <sensor inverted="false">
      <systemName>LS28</systemName>
    </sensor>
    <sensor inverted="false">
      <systemName>LS29</systemName>
    </sensor>
    <sensor inverted="false">
      <systemName>LS30</systemName>
    </sensor>
    <sensor inverted="false">
      <systemName>LS31</systemName>
    </sensor>
    <sensor inverted="false">
      <systemName>LS32</systemName>
    </sensor>
    <sensor inverted="false">
      <systemName>LS33</systemName>
    </sensor>
    <sensor inverted="false">
      <systemName>LS34</systemName>
    </sensor>
    <sensor inverted="false">
      <systemName>LS35</systemName>
    </sensor>
    <sensor inverted="false">
      <systemName>LS36</systemName>
    </sensor>
    <sensor inverted="false">
      <systemName>LS37</systemName>
    </sensor>
    <sensor inverted="false">
      <systemName>LS38</systemName>
    </sensor>
    <sensor inverted="false">
      <systemName>LS39</systemName>
    </sensor>
    <sensor inverted="false">
      <systemName>LS40</systemName>
    </sensor>
    <sensor inverted="false">
      <systemName>LS41</systemName>
    </sensor>
    <sensor inverted="false">
      <systemName>LS42</systemName>
    </sensor>
    <sensor inverted="false">
      <systemName>LS43</systemName>
    </sensor>
    <sensor inverted="false">
      <systemName>LS44</systemName>
    </sensor>
    <sensor inverted="false">
      <systemName>LS45</systemName>
    </sensor>
    <sensor inverted="false">
      <systemName>LS46</systemName>
    </sensor>
    <sensor inverted="false">
      <systemName>LS47</systemName>
    </sensor>
    <sensor inverted="false">
      <systemName>LS48</systemName>
    </sensor>
    <sensor inverted="false">
      <systemName>LS99</systemName>
    </sensor>
    <sensor inverted="false">
      <systemName>LS100</systemName>
    </sensor>
    <sensor inverted="false">
      <systemName>LS101</systemName>
    </sensor>
    <sensor inverted="false">
      <systemName>LS102</systemName>
    </sensor>
    <sensor inverted="false">
      <systemName>LS103</systemName>
    </sensor>
    <sensor inverted="false">
      <systemName>LS104</systemName>
    </sensor>
    <sensor inverted="false">
      <systemName>LS105</systemName>
    </sensor>
    <sensor inverted="false">
      <systemName>LS106</systemName>
    </sensor>
    <sensor inverted="false">
      <systemName>LS139</systemName>
    </sensor>
    <sensor inverted="false">
      <systemName>LS140</systemName>
    </sensor>
    <sensor inverted="false">
      <systemName>LS141</systemName>
    </sensor>
    <sensor inverted="false">
      <systemName>LS142</systemName>
    </sensor>
    <sensor inverted="false">
      <systemName>LS143</systemName>
    </sensor>
    <sensor inverted="false">
      <systemName>LS144</systemName>
    </sensor>
    <sensor inverted="false">
      <systemName>LS145</systemName>
    </sensor>
    <sensor inverted="false">
      <systemName>LS146</systemName>
    </sensor>
    <sensor inverted="false">
      <systemName>LS159</systemName>
    </sensor>
    <sensor inverted="false">
      <systemName>LS160</systemName>
    </sensor>
    <sensor inverted="false">
      <systemName>LS161</systemName>
    </sensor>
    <sensor inverted="false">
      <systemName>LS162</systemName>
    </sensor>
    <sensor inverted="false">
      <systemName>LS163</systemName>
    </sensor>
    <sensor inverted="false">
      <systemName>LS164</systemName>
    </sensor>
    <sensor inverted="false">
      <systemName>LS165</systemName>
    </sensor>
    <sensor inverted="false">
      <systemName>LS166</systemName>
    </sensor>
  </sensors>
  <sensors class="jmri.jmrix.internal.configurexml.InternalSensorManagerXml">
    <defaultInitialState>unknown</defaultInitialState>
    <sensor inverted="false">
      <systemName>ISCLOCKRUNNING</systemName>
    </sensor>
  </sensors>
  <turnouts class="jmri.jmrix.loconet.configurexml.LnTurnoutManagerXml">
    <operations automate="false">
      <operation name="NoFeedback" class="jmri.configurexml.turnoutoperations.NoFeedbackTurnoutOperationXml" interval="300" maxtries="2" />
      <operation name="Raw" class="jmri.configurexml.turnoutoperations.RawTurnoutOperationXml" interval="300" maxtries="1" />
      <operation name="Sensor" class="jmri.configurexml.turnoutoperations.SensorTurnoutOperationXml" interval="300" maxtries="3" />
    </operations>
    <defaultclosedspeed>Normal</defaultclosedspeed>
    <defaultthrownspeed>Restricted</defaultthrownspeed>
    <turnout feedback="MONITORING" inverted="false" automate="Off">
      <systemName>LT49</systemName>
    </turnout>
    <turnout feedback="MONITORING" inverted="false" automate="Off">
      <systemName>LT50</systemName>
    </turnout>
    <turnout feedback="MONITORING" inverted="false" automate="Off">
      <systemName>LT51</systemName>
    </turnout>
    <turnout feedback="MONITORING" inverted="false" automate="Off">
      <systemName>LT52</systemName>
    </turnout>
    <turnout feedback="MONITORING" inverted="false" automate="Off">
      <systemName>LT53</systemName>
    </turnout>
    <turnout feedback="MONITORING" inverted="false" automate="Off">
      <systemName>LT54</systemName>
    </turnout>
    <turnout feedback="MONITORING" inverted="false" automate="Off">
      <systemName>LT55</systemName>
    </turnout>
    <turnout feedback="MONITORING" inverted="false" automate="Off">
      <systemName>LT56</systemName>
    </turnout>
    <turnout feedback="MONITORING" inverted="false" automate="Off">
      <systemName>LT57</systemName>
    </turnout>
    <turnout feedback="MONITORING" inverted="false" automate="Off">
      <systemName>LT70</systemName>
    </turnout>
    <turnout feedback="MONITORING" inverted="false" automate="Off">
      <systemName>LT71</systemName>
    </turnout>
    <turnout feedback="MONITORING" inverted="false" automate="Off">
      <systemName>LT72</systemName>
    </turnout>
    <turnout feedback="MONITORING" inverted="false" automate="Off">
      <systemName>LT73</systemName>
    </turnout>
    <turnout feedback="MONITORING" inverted="false" automate="Off">
      <systemName>LT80</systemName>
    </turnout>
    <turnout feedback="MONITORING" inverted="false" automate="Off">
      <systemName>LT81</systemName>
    </turnout>
    <turnout feedback="MONITORING" inverted="false" automate="Off">
      <systemName>LT82</systemName>
    </turnout>
    <turnout feedback="MONITORING" inverted="false" automate="Off">
      <systemName>LT83</systemName>
    </turnout>
  </turnouts>
  <memories class="jmri.managers.configurexml.DefaultMemoryManagerXml">
    <memory value="2:12 PM">
      <systemName>IMCURRENTTIME</systemName>
    </memory>
    <memory value="1.0">
      <systemName>IMRATEFACTOR</systemName>
    </memory>
  </memories>
  <blocks class="jmri.configurexml.BlockManagerXml">
    <defaultspeed>Normal</defaultspeed>
    <block systemName="IB:AUTO:0001">
      <systemName>IB:AUTO:0001</systemName>
      <userName>S17</userName>
    </block>
    <block systemName="IB:AUTO:0002">
      <systemName>IB:AUTO:0002</systemName>
      <userName>S18</userName>
    </block>
    <block systemName="IB:AUTO:0003">
      <systemName>IB:AUTO:0003</systemName>
      <userName>LT52</userName>
    </block>
    <block systemName="IB:AUTO:0004">
      <systemName>IB:AUTO:0004</systemName>
      <userName>LT53</userName>
    </block>
    <block systemName="IB:AUTO:0005">
      <systemName>IB:AUTO:0005</systemName>
      <userName>LT51</userName>
    </block>
    <block systemName="IB:AUTO:0006">
      <systemName>IB:AUTO:0006</systemName>
      <userName>LT50</userName>
    </block>
    <block systemName="IB:AUTO:0007">
      <systemName>IB:AUTO:0007</systemName>
      <userName>LT49</userName>
    </block>
    <block systemName="IB:AUTO:0008">
      <systemName>IB:AUTO:0008</systemName>
      <userName>S19</userName>
    </block>
    <block systemName="IB:AUTO:0009">
      <systemName>IB:AUTO:0009</systemName>
      <userName>T52</userName>
    </block>
    <block systemName="IB:AUTO:0010">
      <systemName>IB:AUTO:0010</systemName>
      <userName>T53</userName>
    </block>
    <block systemName="IB:AUTO:0011">
      <systemName>IB:AUTO:0011</systemName>
      <userName>T51</userName>
    </block>
    <block systemName="IB:AUTO:0012">
      <systemName>IB:AUTO:0012</systemName>
      <userName>T50</userName>
    </block>
    <block systemName="IB:AUTO:0013">
      <systemName>IB:AUTO:0013</systemName>
      <userName>S32</userName>
    </block>
    <block systemName="IB:AUTO:0014">
      <systemName>IB:AUTO:0014</systemName>
      <userName>S20</userName>
    </block>
    <block systemName="IB:AUTO:0015">
      <systemName>IB:AUTO:0015</systemName>
      <userName>S21</userName>
    </block>
    <block systemName="IB:AUTO:0016">
      <systemName>IB:AUTO:0016</systemName>
      <userName>S22</userName>
    </block>
    <block systemName="IB:AUTO:0017">
      <systemName>IB:AUTO:0017</systemName>
      <userName>S10</userName>
    </block>
    <block systemName="IB:AUTO:0018">
      <systemName>IB:AUTO:0018</systemName>
      <userName>S11</userName>
    </block>
    <block systemName="IB:AUTO:0019">
      <systemName>IB:AUTO:0019</systemName>
      <userName>S12</userName>
    </block>
    <block systemName="IB:AUTO:0020">
      <systemName>IB:AUTO:0020</systemName>
      <userName>S13</userName>
    </block>
    <block systemName="IB:AUTO:0021">
      <systemName>IB:AUTO:0021</systemName>
      <userName>S14</userName>
    </block>
    <block systemName="IB:AUTO:0022">
      <systemName>IB:AUTO:0022</systemName>
      <userName>S15</userName>
    </block>
    <block systemName="IB:AUTO:0023">
      <systemName>IB:AUTO:0023</systemName>
      <userName>S9</userName>
    </block>
    <block systemName="IB:AUTO:0024">
      <systemName>IB:AUTO:0024</systemName>
      <userName>S7</userName>
    </block>
    <block systemName="IB:AUTO:0025">
      <systemName>IB:AUTO:0025</systemName>
      <userName>S8</userName>
    </block>
    <block systemName="IB:AUTO:0026">
      <systemName>IB:AUTO:0026</systemName>
      <userName>S16</userName>
    </block>
    <block systemName="IB:AUTO:0027">
      <systemName>IB:AUTO:0027</systemName>
      <userName>S1</userName>
    </block>
    <block systemName="IB:AUTO:0028">
      <systemName>IB:AUTO:0028</systemName>
      <userName>S2</userName>
    </block>
    <block systemName="IB:AUTO:0029">
      <systemName>IB:AUTO:0029</systemName>
      <userName>S3</userName>
    </block>
    <block systemName="IB:AUTO:0030">
      <systemName>IB:AUTO:0030</systemName>
      <userName>S4</userName>
    </block>
    <block systemName="IB:AUTO:0031">
      <systemName>IB:AUTO:0031</systemName>
      <userName>S5</userName>
    </block>
    <block systemName="IB:AUTO:0032">
      <systemName>IB:AUTO:0032</systemName>
      <userName>S6</userName>
    </block>
    <block systemName="IB:AUTO:0001" length="0.0" curve="0">
      <systemName>IB:AUTO:0001</systemName>
      <userName>S17</userName>
      <permissive>no</permissive>
      <occupancysensor>LS17</occupancysensor>
      <path todir="64" fromdir="128" block="IB:AUTO:0002" />
    </block>
    <block systemName="IB:AUTO:0002" length="0.0" curve="0">
      <systemName>IB:AUTO:0002</systemName>
      <userName>S18</userName>
      <permissive>no</permissive>
      <occupancysensor>LS18</occupancysensor>
      <path todir="128" fromdir="64" block="IB:AUTO:0027" />
    </block>
    <block systemName="IB:AUTO:0003" length="0.0" curve="0">
      <systemName>IB:AUTO:0003</systemName>
      <userName>LT52</userName>
      <permissive>no</permissive>
    </block>
    <block systemName="IB:AUTO:0004" length="0.0" curve="0">
      <systemName>IB:AUTO:0004</systemName>
      <userName>LT53</userName>
      <permissive>no</permissive>
    </block>
    <block systemName="IB:AUTO:0005" length="0.0" curve="0">
      <systemName>IB:AUTO:0005</systemName>
      <userName>LT51</userName>
      <permissive>no</permissive>
    </block>
    <block systemName="IB:AUTO:0006" length="0.0" curve="0">
      <systemName>IB:AUTO:0006</systemName>
      <userName>LT50</userName>
      <permissive>no</permissive>
    </block>
    <block systemName="IB:AUTO:0007" length="0.0" curve="0">
      <systemName>IB:AUTO:0007</systemName>
      <userName>LT49</userName>
      <permissive>no</permissive>
    </block>
    <block systemName="IB:AUTO:0008" length="0.0" curve="0">
      <systemName>IB:AUTO:0008</systemName>
      <userName>S19</userName>
      <permissive>no</permissive>
      <occupancysensor>LS19</occupancysensor>
    </block>
    <block systemName="IB:AUTO:0009" length="0.0" curve="0">
      <systemName>IB:AUTO:0009</systemName>
      <userName>T52</userName>
      <permissive>no</permissive>
    </block>
    <block systemName="IB:AUTO:0010" length="0.0" curve="0">
      <systemName>IB:AUTO:0010</systemName>
      <userName>T53</userName>
      <permissive>no</permissive>
    </block>
    <block systemName="IB:AUTO:0011" length="0.0" curve="0">
      <systemName>IB:AUTO:0011</systemName>
      <userName>T51</userName>
      <permissive>no</permissive>
    </block>
    <block systemName="IB:AUTO:0012" length="0.0" curve="0">
      <systemName>IB:AUTO:0012</systemName>
      <userName>T50</userName>
      <permissive>no</permissive>
      <path todir="64" fromdir="128" block="IB:AUTO:0024" />
    </block>
    <block systemName="IB:AUTO:0013" length="0.0" curve="0">
      <systemName>IB:AUTO:0013</systemName>
      <userName>S32</userName>
      <permissive>no</permissive>
      <occupancysensor>LS32</occupancysensor>
    </block>
    <block systemName="IB:AUTO:0014" length="0.0" curve="0">
      <systemName>IB:AUTO:0014</systemName>
      <userName>S20</userName>
      <permissive>no</permissive>
      <occupancysensor>LS20</occupancysensor>
    </block>
    <block systemName="IB:AUTO:0015" length="0.0" curve="0">
      <systemName>IB:AUTO:0015</systemName>
      <userName>S21</userName>
      <permissive>no</permissive>
      <occupancysensor>LS21</occupancysensor>
      <path todir="64" fromdir="128" block="IB:AUTO:0032" />
    </block>
    <block systemName="IB:AUTO:0016" length="0.0" curve="0">
      <systemName>IB:AUTO:0016</systemName>
      <userName>S22</userName>
      <permissive>no</permissive>
      <occupancysensor>LS22</occupancysensor>
      <path todir="128" fromdir="64" block="IB:AUTO:0015" />
    </block>
    <block systemName="IB:AUTO:0017" length="0.0" curve="0">
      <systemName>IB:AUTO:0017</systemName>
      <userName>S10</userName>
      <permissive>no</permissive>
      <occupancysensor>LS10</occupancysensor>
      <path todir="64" fromdir="128" block="IB:AUTO:0018" />
    </block>
    <block systemName="IB:AUTO:0018" length="0.0" curve="0">
      <systemName>IB:AUTO:0018</systemName>
      <userName>S11</userName>
      <permissive>no</permissive>
      <occupancysensor>LS11</occupancysensor>
      <path todir="128" fromdir="64" block="IB:AUTO:0017" />
    </block>
    <block systemName="IB:AUTO:0019" length="0.0" curve="0">
      <systemName>IB:AUTO:0019</systemName>
      <userName>S12</userName>
      <permissive>no</permissive>
      <occupancysensor>LS12</occupancysensor>
    </block>
    <block systemName="IB:AUTO:0020" length="0.0" curve="0">
      <systemName>IB:AUTO:0020</systemName>
      <userName>S13</userName>
      <permissive>no</permissive>
      <occupancysensor>LS13</occupancysensor>
    </block>
    <block systemName="IB:AUTO:0021" length="0.0" curve="0">
      <systemName>IB:AUTO:0021</systemName>
      <userName>S14</userName>
      <permissive>no</permissive>
      <occupancysensor>LS14</occupancysensor>
      <path todir="64" fromdir="128" block="IB:AUTO:0022" />
    </block>
    <block systemName="IB:AUTO:0022" length="0.0" curve="0">
      <systemName>IB:AUTO:0022</systemName>
      <userName>S15</userName>
      <permissive>no</permissive>
      <occupancysensor>LS15</occupancysensor>
      <path todir="128" fromdir="64" block="IB:AUTO:0021" />
    </block>
    <block systemName="IB:AUTO:0023" length="0.0" curve="0">
      <systemName>IB:AUTO:0023</systemName>
      <userName>S9</userName>
      <permissive>no</permissive>
      <occupancysensor>LS9</occupancysensor>
    </block>
    <block systemName="IB:AUTO:0024" length="0.0" curve="0">
      <systemName>IB:AUTO:0024</systemName>
      <userName>S7</userName>
      <permissive>no</permissive>
      <occupancysensor>LS7</occupancysensor>
      <path todir="128" fromdir="64" block="IB:AUTO:0012" />
      <path todir="64" fromdir="128" block="IB:AUTO:0025" />
    </block>
    <block systemName="IB:AUTO:0025" length="0.0" curve="0">
      <systemName>IB:AUTO:0025</systemName>
      <userName>S8</userName>
      <permissive>no</permissive>
      <occupancysensor>LS8</occupancysensor>
      <path todir="128" fromdir="64" block="IB:AUTO:0024" />
    </block>
    <block systemName="IB:AUTO:0026" length="0.0" curve="0">
      <systemName>IB:AUTO:0026</systemName>
      <userName>S16</userName>
      <permissive>no</permissive>
      <occupancysensor>LS16</occupancysensor>
    </block>
    <block systemName="IB:AUTO:0027" length="0.0" curve="0">
      <systemName>IB:AUTO:0027</systemName>
      <userName>S1</userName>
      <permissive>no</permissive>
      <occupancysensor>LS1</occupancysensor>
      <path todir="64" fromdir="128" block="IB:AUTO:0028" />
    </block>
    <block systemName="IB:AUTO:0028" length="0.0" curve="0">
      <systemName>IB:AUTO:0028</systemName>
      <userName>S2</userName>
      <permissive>no</permissive>
      <occupancysensor>LS2</occupancysensor>
      <path todir="128" fromdir="64" block="IB:AUTO:0027" />
    </block>
    <block systemName="IB:AUTO:0029" length="0.0" curve="0">
      <systemName>IB:AUTO:0029</systemName>
      <userName>S3</userName>
      <permissive>no</permissive>
      <occupancysensor>LS3</occupancysensor>
    </block>
    <block systemName="IB:AUTO:0030" length="0.0" curve="0">
      <systemName>IB:AUTO:0030</systemName>
      <userName>S4</userName>
      <permissive>no</permissive>
      <occupancysensor>LS4</occupancysensor>
    </block>
    <block systemName="IB:AUTO:0031" length="0.0" curve="0">
      <systemName>IB:AUTO:0031</systemName>
      <userName>S5</userName>
      <permissive>no</permissive>
      <occupancysensor>LS5</occupancysensor>
      <path todir="64" fromdir="128" block="IB:AUTO:0032" />
    </block>
    <block systemName="IB:AUTO:0032" length="0.0" curve="0">
      <systemName>IB:AUTO:0032</systemName>
      <userName>S6</userName>
      <permissive>no</permissive>
      <occupancysensor>LS6</occupancysensor>
      <path todir="128" fromdir="64" block="IB:AUTO:0031" />
    </block>
  </blocks>
  <layoutblocks class="jmri.jmrit.display.layoutEditor.configurexml.LayoutBlockManagerXml">
    <layoutblock systemName="ILB1" occupancysensor="LS17" occupiedsense="2" trackcolor="#CCFFCC" occupiedcolor="red" extracolor="white">
      <systemName>ILB1</systemName>
      <userName>S17</userName>
    </layoutblock>
    <layoutblock systemName="ILB2" occupancysensor="LS18" occupiedsense="2" trackcolor="#CCFFCC" occupiedcolor="red" extracolor="white">
      <systemName>ILB2</systemName>
      <userName>S18</userName>
    </layoutblock>
    <layoutblock systemName="ILB7" occupancysensor="LS19" occupiedsense="2" trackcolor="#CCFFCC" occupiedcolor="red" extracolor="white">
      <systemName>ILB7</systemName>
      <userName>S19</userName>
    </layoutblock>
    <layoutblock systemName="ILB8" occupiedsense="2" trackcolor="darkGray" occupiedcolor="red" extracolor="white">
      <systemName>ILB8</systemName>
      <userName>T52</userName>
    </layoutblock>
    <layoutblock systemName="ILB9" occupiedsense="2" trackcolor="darkGray" occupiedcolor="red" extracolor="white">
      <systemName>ILB9</systemName>
      <userName>T53</userName>
    </layoutblock>
    <layoutblock systemName="ILB10" occupiedsense="2" trackcolor="darkGray" occupiedcolor="red" extracolor="white">
      <systemName>ILB10</systemName>
      <userName>T51</userName>
    </layoutblock>
    <layoutblock systemName="ILB11" occupiedsense="2" trackcolor="darkGray" occupiedcolor="red" extracolor="white">
      <systemName>ILB11</systemName>
      <userName>T50</userName>
    </layoutblock>
    <layoutblock systemName="ILB12" occupancysensor="LS32" occupiedsense="2" trackcolor="#CCFFCC" occupiedcolor="red" extracolor="white">
      <systemName>ILB12</systemName>
      <userName>S32</userName>
    </layoutblock>
    <layoutblock systemName="ILB13" occupancysensor="LS20" occupiedsense="2" trackcolor="#CCFFCC" occupiedcolor="red" extracolor="white">
      <systemName>ILB13</systemName>
      <userName>S20</userName>
    </layoutblock>
    <layoutblock systemName="ILB14" occupancysensor="LS21" occupiedsense="2" trackcolor="#CCFFCC" occupiedcolor="red" extracolor="white">
      <systemName>ILB14</systemName>
      <userName>S21</userName>
    </layoutblock>
    <layoutblock systemName="ILB15" occupancysensor="LS22" occupiedsense="2" trackcolor="#CCFFCC" occupiedcolor="red" extracolor="white">
      <systemName>ILB15</systemName>
      <userName>S22</userName>
    </layoutblock>
    <layoutblock systemName="ILB16" occupancysensor="LS10" occupiedsense="2" trackcolor="#CCFFCC" occupiedcolor="red" extracolor="white">
      <systemName>ILB16</systemName>
      <userName>S10</userName>
    </layoutblock>
    <layoutblock systemName="ILB17" occupancysensor="LS11" occupiedsense="2" trackcolor="#CCFFCC" occupiedcolor="red" extracolor="white">
      <systemName>ILB17</systemName>
      <userName>S11</userName>
    </layoutblock>
    <layoutblock systemName="ILB18" occupancysensor="LS12" occupiedsense="2" trackcolor="#CCFFCC" occupiedcolor="red" extracolor="white">
      <systemName>ILB18</systemName>
      <userName>S12</userName>
    </layoutblock>
    <layoutblock systemName="ILB19" occupancysensor="LS13" occupiedsense="2" trackcolor="#CCFFCC" occupiedcolor="red" extracolor="white">
      <systemName>ILB19</systemName>
      <userName>S13</userName>
    </layoutblock>
    <layoutblock systemName="ILB20" occupancysensor="LS14" occupiedsense="2" trackcolor="#CCFFCC" occupiedcolor="red" extracolor="white">
      <systemName>ILB20</systemName>
      <userName>S14</userName>
    </layoutblock>
    <layoutblock systemName="ILB21" occupancysensor="LS15" occupiedsense="2" trackcolor="#CCFFCC" occupiedcolor="red" extracolor="white">
      <systemName>ILB21</systemName>
      <userName>S15</userName>
    </layoutblock>
    <layoutblock systemName="ILB22" occupancysensor="LS9" occupiedsense="2" trackcolor="#CCFFCC" occupiedcolor="red" extracolor="white">
      <systemName>ILB22</systemName>
      <userName>S9</userName>
    </layoutblock>
    <layoutblock systemName="ILB23" occupancysensor="LS7" occupiedsense="2" trackcolor="#CCFFCC" occupiedcolor="red" extracolor="white">
      <systemName>ILB23</systemName>
      <userName>S7</userName>
    </layoutblock>
    <layoutblock systemName="ILB24" occupancysensor="LS8" occupiedsense="2" trackcolor="#CCFFCC" occupiedcolor="red" extracolor="white">
      <systemName>ILB24</systemName>
      <userName>S8</userName>
    </layoutblock>
    <layoutblock systemName="ILB25" occupancysensor="LS16" occupiedsense="2" trackcolor="#CCFFCC" occupiedcolor="red" extracolor="white">
      <systemName>ILB25</systemName>
      <userName>S16</userName>
    </layoutblock>
    <layoutblock systemName="ILB26" occupancysensor="LS1" occupiedsense="2" trackcolor="#CCFFCC" occupiedcolor="red" extracolor="white">
      <systemName>ILB26</systemName>
      <userName>S1</userName>
    </layoutblock>
    <layoutblock systemName="ILB27" occupancysensor="LS2" occupiedsense="2" trackcolor="#CCFFCC" occupiedcolor="red" extracolor="white">
      <systemName>ILB27</systemName>
      <userName>S2</userName>
    </layoutblock>
    <layoutblock systemName="ILB28" occupancysensor="LS3" occupiedsense="2" trackcolor="#CCFFCC" occupiedcolor="red" extracolor="white">
      <systemName>ILB28</systemName>
      <userName>S3</userName>
    </layoutblock>
    <layoutblock systemName="ILB29" occupancysensor="LS4" occupiedsense="2" trackcolor="#CCFFCC" occupiedcolor="red" extracolor="white">
      <systemName>ILB29</systemName>
      <userName>S4</userName>
    </layoutblock>
    <layoutblock systemName="ILB30" occupancysensor="LS5" occupiedsense="2" trackcolor="#CCFFCC" occupiedcolor="red" extracolor="white">
      <systemName>ILB30</systemName>
      <userName>S5</userName>
    </layoutblock>
    <layoutblock systemName="ILB31" occupancysensor="LS6" occupiedsense="2" trackcolor="#CCFFCC" occupiedcolor="red" extracolor="white">
      <systemName>ILB31</systemName>
      <userName>S6</userName>
    </layoutblock>
  </layoutblocks>
  <signalmastlogics class="jmri.managers.configurexml.DefaultSignalMastLogicManagerXml">
    <logicDelay>500</logicDelay>
  </signalmastlogics>
  <timebase class="jmri.jmrit.simpleclock.configurexml.SimpleTimebaseXml" time="Fri Mar 07 16:09:25 CET 2025" rate="1.0" startrate="1.0" run="yes" master="yes" sync="no" correct="no" display="no" startstopped="no" startrunning="yes" startsettime="no" startclockoption="0" showbutton="no" startsetrate="yes" />
  <LayoutEditor class="jmri.jmrit.display.layoutEditor.configurexml.LayoutEditorXml" name="My Layout" x="-7" y="-7" windowheight="830" windowwidth="1550" panelheight="1250" panelwidth="1450" sliders="no" scrollable="none" editable="yes" positionable="yes" controlling="yes" animating="yes" showhelpbar="no" drawgrid="yes" snaponadd="no" snaponmove="no" antialiasing="no" turnoutcircles="no" tooltipsnotedit="no" tooltipsinedit="yes" mainlinetrackwidth="4" xscale="1.0" yscale="1.0" sidetrackwidth="2" defaulttrackcolor="darkGray" defaultoccupiedtrackcolor="red" defaultalternativetrackcolor="white" defaulttextcolor="black" turnoutcirclecolor="black" turnoutcirclesize="4" turnoutdrawunselectedleg="yes" turnoutbx="20.0" turnoutcx="20.0" turnoutwid="10.0" xoverlong="30.0" xoverhwid="10.0" xovershort="10.0" autoblkgenerate="no" redBackground="192" greenBackground="192" blueBackground="192" gridSize="10" gridSize2nd="10" openDispatcher="no" useDirectTurnoutControl="no">
    <layoutTrackDrawingOptions name="My Layout" class="jmri.jmrit.display.layoutEditor.configurexml.LayoutTrackDrawingOptionsXml">
      <mainBallastColor>#000000</mainBallastColor>
      <mainBallastWidth>0</mainBallastWidth>
      <mainBlockLineDashPercentageX10>0</mainBlockLineDashPercentageX10>
      <mainBlockLineWidth>4</mainBlockLineWidth>
      <mainRailColor>#404040</mainRailColor>
      <mainRailCount>1</mainRailCount>
      <mainRailGap>0</mainRailGap>
      <mainRailWidth>2</mainRailWidth>
      <mainTieColor>#000000</mainTieColor>
      <mainTieGap>0</mainTieGap>
      <mainTieLength>0</mainTieLength>
      <mainTieWidth>0</mainTieWidth>
      <sideBallastColor>#000000</sideBallastColor>
      <sideBallastWidth>0</sideBallastWidth>
      <sideBlockLineDashPercentageX10>0</sideBlockLineDashPercentageX10>
      <sideBlockLineWidth>2</sideBlockLineWidth>
      <sideRailColor>#404040</sideRailColor>
      <sideRailCount>1</sideRailCount>
      <sideRailGap>0</sideRailGap>
      <sideRailWidth>1</sideRailWidth>
      <sideTieColor>#000000</sideTieColor>
      <sideTieGap>0</sideTieGap>
      <sideTieLength>0</sideTieLength>
      <sideTieWidth>0</sideTieWidth>
    </layoutTrackDrawingOptions>
    <layoutturnout ident="TO2" type="RH_TURNOUT" hidden="no" disabled="no" disableWhenOccupied="no" showtooltip="yes" continuing="4" xcen="1014.8720109066626" ycen="298.81826599933754" xa="994.8720109066626" ya="298.81826599933754" xb="1034.8720109066626" yb="298.81826599933754" xc="1034.8720109066626" yc="308.81826599933754" xd="994.8720109066626" yd="298.81826599933754" ver="1" class="jmri.jmrit.display.layoutEditor.configurexml.LayoutRHTurnoutXml" turnoutname="LT51" blockname="T51" connectaname="T18" connectbname="T19" connectcname="T22" />
    <layoutturnout ident="TO3" type="LH_TURNOUT" hidden="no" disabled="no" disableWhenOccupied="no" showtooltip="yes" continuing="4" xcen="594.8720109066626" ycen="368.8182659993381" xa="574.8720109066626" ya="368.8182659993381" xb="614.8720109066626" yb="368.8182659993381" xc="614.8720109066626" yc="358.8182659993381" xd="574.8720109066626" yd="368.8182659993381" ver="1" class="jmri.jmrit.display.layoutEditor.configurexml.LayoutLHTurnoutXml" turnoutname="LT52" blockname="T52" connectaname="T26" connectbname="T31" connectcname="T27" />
    <layoutturnout ident="TO6" type="RH_TURNOUT" hidden="no" disabled="no" disableWhenOccupied="no" showtooltip="yes" continuing="4" xcen="914.8720109066626" ycen="368.8182659993381" xa="934.8720109066626" ya="368.8182659993381" xb="894.8720109066626" yb="368.8182659993381" xc="894.8720109066626" yc="358.8182659993381" xd="934.8720109066626" yd="368.8182659993381" ver="1" class="jmri.jmrit.display.layoutEditor.configurexml.LayoutRHTurnoutXml" turnoutname="LT53" blockname="T53" connectaname="T37" connectbname="T33" connectcname="T30" />
    <layoutturnout ident="TO7" type="LH_TURNOUT" hidden="no" disabled="no" disableWhenOccupied="no" showtooltip="yes" continuing="2" xcen="1223.8720109066626" ycen="368.8182659993381" xa="1203.8720109066626" ya="368.8182659993381" xb="1243.8720109066626" yb="368.8182659993381" xc="1243.8720109066626" yc="358.8182659993381" xd="1203.8720109066626" yd="368.8182659993381" ver="1" class="jmri.jmrit.display.layoutEditor.configurexml.LayoutLHTurnoutXml" connectaname="T38" connectbname="T42" connectcname="T41" />
    <layoutturnout ident="TO9" type="LH_TURNOUT" hidden="no" disabled="no" disableWhenOccupied="no" showtooltip="yes" continuing="4" xcen="1276.8720109066626" ycen="327.8182659993379" xa="1304.8720109066626" ya="328.8182659993379" xb="1248.8720109066626" yb="326.8182659993379" xc="1258.8720109066626" yc="344.8182659993379" xd="1304.8720109066626" yd="328.8182659993379" ver="1" class="jmri.jmrit.display.layoutEditor.configurexml.LayoutLHTurnoutXml" turnoutname="LT50" blockname="T50" connectaname="T25" connectbname="T40" connectcname="T41" />
    <layoutturnout ident="TO4" type="LH_TURNOUT" hidden="no" disabled="no" disableWhenOccupied="no" showtooltip="yes" continuing="2" xcen="1300.0" ycen="620.0" xa="1300.0" ya="600.0" xb="1300.0" yb="640.0" xc="1350.0" yc="650.0" xd="1300.0" yd="600.0" ver="1" class="jmri.jmrit.display.layoutEditor.configurexml.LayoutLHTurnoutXml" connectaname="T72" connectbname="T73" connectcname="T75" />
    <layoutturnout ident="TO5" type="RH_TURNOUT" hidden="no" disabled="no" disableWhenOccupied="no" showtooltip="yes" continuing="2" xcen="1300.0" ycen="920.0" xa="1300.0" ya="940.0" xb="1300.0" yb="900.0" xc="1359.0" yc="870.0" xd="1300.0" yd="940.0" ver="1" class="jmri.jmrit.display.layoutEditor.configurexml.LayoutRHTurnoutXml" connectaname="T81" connectbname="T79" connectcname="T80" />
    <tracksegment ident="T1" blockname="S1" connect1name="EB2" type1="POS_POINT" connect2name="A2" type2="POS_POINT" dashed="no" mainline="yes" hidden="no" class="jmri.jmrit.display.layoutEditor.configurexml.TrackSegmentXml">
      <decorations>
        <bumper end="start" color="#000000" linewidth="8" length="8" />
      </decorations>
    </tracksegment>
    <tracksegment ident="T2" blockname="S2" connect1name="A2" type1="POS_POINT" connect2name="A4" type2="POS_POINT" dashed="no" mainline="yes" hidden="no" class="jmri.jmrit.display.layoutEditor.configurexml.TrackSegmentXml" />
    <tracksegment ident="T3" connect1name="A4" type1="POS_POINT" connect2name="A6" type2="POS_POINT" dashed="no" mainline="yes" hidden="no" class="jmri.jmrit.display.layoutEditor.configurexml.TrackSegmentXml" />
    <tracksegment ident="T6" connect1name="A6" type1="POS_POINT" connect2name="SL2" type2="SLIP_A" dashed="no" mainline="yes" hidden="no" class="jmri.jmrit.display.layoutEditor.configurexml.TrackSegmentXml" />
    <tracksegment ident="T7" connect1name="SL2" type1="SLIP_C" connect2name="A12" type2="POS_POINT" dashed="no" mainline="yes" hidden="no" class="jmri.jmrit.display.layoutEditor.configurexml.TrackSegmentXml" />
    <tracksegment ident="T8" connect1name="SL2" type1="SLIP_D" connect2name="A13" type2="POS_POINT" dashed="no" mainline="yes" hidden="no" class="jmri.jmrit.display.layoutEditor.configurexml.TrackSegmentXml" />
    <tracksegment ident="T9" blockname="S10" connect1name="EB3" type1="POS_POINT" connect2name="A16" type2="POS_POINT" dashed="no" mainline="yes" hidden="no" class="jmri.jmrit.display.layoutEditor.configurexml.TrackSegmentXml">
      <decorations>
        <bumper end="start" color="#000000" linewidth="8" length="8" />
      </decorations>
    </tracksegment>
    <tracksegment ident="T10" blockname="S11" connect1name="A16" type1="POS_POINT" connect2name="A15" type2="POS_POINT" dashed="no" mainline="yes" hidden="no" class="jmri.jmrit.display.layoutEditor.configurexml.TrackSegmentXml" />
    <tracksegment ident="T11" connect1name="A15" type1="POS_POINT" connect2name="A14" type2="POS_POINT" dashed="no" mainline="yes" hidden="no" class="jmri.jmrit.display.layoutEditor.configurexml.TrackSegmentXml" />
    <tracksegment ident="T12" connect1name="A14" type1="POS_POINT" connect2name="SL2" type2="SLIP_B" dashed="no" mainline="yes" hidden="no" class="jmri.jmrit.display.layoutEditor.configurexml.TrackSegmentXml" />
    <tracksegment ident="T13" blockname="S12" connect1name="A13" type1="POS_POINT" connect2name="A18" type2="POS_POINT" dashed="no" mainline="yes" hidden="no" class="jmri.jmrit.display.layoutEditor.configurexml.TrackSegmentXml" />
    <tracksegment ident="T14" connect1name="A18" type1="POS_POINT" connect2name="A19" type2="POS_POINT" dashed="no" mainline="yes" hidden="no" class="jmri.jmrit.display.layoutEditor.configurexml.TrackSegmentXml" />
    <tracksegment ident="T15" connect1name="A19" type1="POS_POINT" connect2name="A21" type2="POS_POINT" dashed="no" mainline="yes" hidden="no" class="jmri.jmrit.display.layoutEditor.configurexml.TrackSegmentXml" />
    <tracksegment ident="T16" blockname="S13" connect1name="A21" type1="POS_POINT" connect2name="A23" type2="POS_POINT" dashed="no" mainline="yes" hidden="no" class="jmri.jmrit.display.layoutEditor.configurexml.TrackSegmentXml" />
    <tracksegment ident="T18" connect1name="A23" type1="POS_POINT" connect2name="TO2" type2="TURNOUT_A" dashed="no" mainline="yes" hidden="no" class="jmri.jmrit.display.layoutEditor.configurexml.TrackSegmentXml" />
    <tracksegment ident="T19" connect1name="TO2" type1="TURNOUT_B" connect2name="A27" type2="POS_POINT" dashed="no" mainline="yes" hidden="no" class="jmri.jmrit.display.layoutEditor.configurexml.TrackSegmentXml" />
    <tracksegment ident="T20" blockname="S14" connect1name="A27" type1="POS_POINT" connect2name="A28" type2="POS_POINT" dashed="no" mainline="yes" hidden="no" class="jmri.jmrit.display.layoutEditor.configurexml.TrackSegmentXml" />
    <tracksegment ident="T21" blockname="S15" connect1name="A28" type1="POS_POINT" connect2name="EB4" type2="POS_POINT" dashed="no" mainline="yes" hidden="no" class="jmri.jmrit.display.layoutEditor.configurexml.TrackSegmentXml">
      <decorations>
        <bumper end="stop" color="#000000" linewidth="8" length="8" />
      </decorations>
    </tracksegment>
    <tracksegment ident="T22" connect1name="TO2" type1="TURNOUT_C" connect2name="A30" type2="POS_POINT" dashed="no" mainline="yes" hidden="no" class="jmri.jmrit.display.layoutEditor.configurexml.TrackSegmentXml" />
    <tracksegment ident="T23" blockname="S9" connect1name="A30" type1="POS_POINT" connect2name="A31" type2="POS_POINT" dashed="no" mainline="yes" hidden="no" class="jmri.jmrit.display.layoutEditor.configurexml.TrackSegmentXml" />
    <tracksegment ident="T25" blockname="S7" connect1name="TO9" type1="TURNOUT_A" connect2name="A3" type2="POS_POINT" dashed="no" mainline="yes" hidden="no" class="jmri.jmrit.display.layoutEditor.configurexml.TrackSegmentXml">
      <decorations />
    </tracksegment>
    <tracksegment ident="T26" connect1name="A12" type1="POS_POINT" connect2name="TO3" type2="TURNOUT_A" dashed="no" mainline="yes" hidden="no" class="jmri.jmrit.display.layoutEditor.configurexml.TrackSegmentXml" />
    <tracksegment ident="T27" connect1name="TO3" type1="TURNOUT_C" connect2name="A34" type2="POS_POINT" dashed="no" mainline="yes" hidden="no" class="jmri.jmrit.display.layoutEditor.configurexml.TrackSegmentXml" />
    <tracksegment ident="T28" blockname="S16" connect1name="A34" type1="POS_POINT" connect2name="A36" type2="POS_POINT" dashed="no" mainline="yes" hidden="no" class="jmri.jmrit.display.layoutEditor.configurexml.TrackSegmentXml" />
    <tracksegment ident="T30" connect1name="A36" type1="POS_POINT" connect2name="TO6" type2="TURNOUT_C" dashed="no" mainline="yes" hidden="no" class="jmri.jmrit.display.layoutEditor.configurexml.TrackSegmentXml" />
    <tracksegment ident="T31" connect1name="TO3" type1="TURNOUT_B" connect2name="A37" type2="POS_POINT" dashed="no" mainline="yes" hidden="no" class="jmri.jmrit.display.layoutEditor.configurexml.TrackSegmentXml" />
    <tracksegment ident="T32" blockname="S3" connect1name="A37" type1="POS_POINT" connect2name="A38" type2="POS_POINT" dashed="no" mainline="yes" hidden="no" class="jmri.jmrit.display.layoutEditor.configurexml.TrackSegmentXml" />
    <tracksegment ident="T33" connect1name="A38" type1="POS_POINT" connect2name="TO6" type2="TURNOUT_B" dashed="no" mainline="yes" hidden="no" class="jmri.jmrit.display.layoutEditor.configurexml.TrackSegmentXml" />
    <tracksegment ident="T35" blockname="S4" connect1name="A39" type1="POS_POINT" connect2name="A40" type2="POS_POINT" dashed="no" mainline="yes" hidden="no" class="jmri.jmrit.display.layoutEditor.configurexml.TrackSegmentXml" />
    <tracksegment ident="T37" connect1name="TO6" type1="TURNOUT_A" connect2name="A39" type2="POS_POINT" dashed="no" mainline="yes" hidden="no" class="jmri.jmrit.display.layoutEditor.configurexml.TrackSegmentXml" />
    <tracksegment ident="T38" connect1name="A40" type1="POS_POINT" connect2name="TO7" type2="TURNOUT_A" dashed="no" mainline="yes" hidden="no" class="jmri.jmrit.display.layoutEditor.configurexml.TrackSegmentXml" />
    <tracksegment ident="T40" connect1name="A31" type1="POS_POINT" connect2name="TO9" type2="TURNOUT_B" dashed="no" mainline="yes" hidden="no" class="jmri.jmrit.display.layoutEditor.configurexml.TrackSegmentXml" />
    <tracksegment ident="T41" connect1name="TO9" type1="TURNOUT_C" connect2name="TO7" type2="TURNOUT_C" dashed="no" mainline="yes" hidden="no" class="jmri.jmrit.display.layoutEditor.configurexml.TrackSegmentXml" />
    <tracksegment ident="T42" blockname="S5" connect1name="TO7" type1="TURNOUT_B" connect2name="A44" type2="POS_POINT" dashed="no" mainline="yes" hidden="no" class="jmri.jmrit.display.layoutEditor.configurexml.TrackSegmentXml" />
    <tracksegment ident="T43" blockname="S6" connect1name="A44" type1="POS_POINT" connect2name="EB6" type2="POS_POINT" dashed="no" mainline="yes" hidden="no" class="jmri.jmrit.display.layoutEditor.configurexml.TrackSegmentXml">
      <decorations>
        <bumper end="stop" color="#000000" linewidth="8" length="8" />
      </decorations>
    </tracksegment>
    <tracksegment ident="T4" blockname="S8" connect1name="A3" type1="POS_POINT" connect2name="EB5" type2="POS_POINT" dashed="no" mainline="yes" hidden="no" class="jmri.jmrit.display.layoutEditor.configurexml.TrackSegmentXml">
      <decorations>
        <bumper end="stop" color="#000000" linewidth="8" length="8" />
      </decorations>
    </tracksegment>
    <tracksegment ident="T5" connect1name="A5" type1="POS_POINT" connect2name="A7" type2="POS_POINT" dashed="no" mainline="no" hidden="no" class="jmri.jmrit.display.layoutEditor.configurexml.TrackSegmentXml" />
    <tracksegment ident="T17" connect1name="A7" type1="POS_POINT" connect2name="A8" type2="POS_POINT" dashed="no" mainline="no" hidden="no" arc="yes" flip="no" circle="yes" angle="80.6733960457122" hideConLines="no" class="jmri.jmrit.display.layoutEditor.configurexml.TrackSegmentXml" />
    <tracksegment ident="T24" connect1name="A8" type1="POS_POINT" connect2name="A9" type2="POS_POINT" dashed="no" mainline="no" hidden="no" class="jmri.jmrit.display.layoutEditor.configurexml.TrackSegmentXml" />
    <tracksegment ident="T29" connect1name="A9" type1="POS_POINT" connect2name="A10" type2="POS_POINT" dashed="no" mainline="no" hidden="no" arc="yes" flip="yes" circle="yes" angle="39.63568625899228" hideConLines="no" class="jmri.jmrit.display.layoutEditor.configurexml.TrackSegmentXml" />
    <tracksegment ident="T34" connect1name="A10" type1="POS_POINT" connect2name="A11" type2="POS_POINT" dashed="no" mainline="no" hidden="no" class="jmri.jmrit.display.layoutEditor.configurexml.TrackSegmentXml" />
    <tracksegment ident="T36" connect1name="A11" type1="POS_POINT" connect2name="A17" type2="POS_POINT" dashed="no" mainline="no" hidden="no" class="jmri.jmrit.display.layoutEditor.configurexml.TrackSegmentXml" />
    <tracksegment ident="T39" connect1name="A17" type1="POS_POINT" connect2name="A20" type2="POS_POINT" dashed="no" mainline="no" hidden="no" class="jmri.jmrit.display.layoutEditor.configurexml.TrackSegmentXml" />
    <tracksegment ident="T44" connect1name="A20" type1="POS_POINT" connect2name="A22" type2="POS_POINT" dashed="no" mainline="no" hidden="no" class="jmri.jmrit.display.layoutEditor.configurexml.TrackSegmentXml" />
    <tracksegment ident="T45" connect1name="A22" type1="POS_POINT" connect2name="A24" type2="POS_POINT" dashed="no" mainline="no" hidden="no" arc="yes" flip="yes" circle="yes" angle="55.65030626185543" hideConLines="no" class="jmri.jmrit.display.layoutEditor.configurexml.TrackSegmentXml" />
    <tracksegment ident="T46" connect1name="A24" type1="POS_POINT" connect2name="A25" type2="POS_POINT" dashed="no" mainline="no" hidden="no" class="jmri.jmrit.display.layoutEditor.configurexml.TrackSegmentXml" />
    <tracksegment ident="T47" connect1name="A25" type1="POS_POINT" connect2name="A26" type2="POS_POINT" dashed="no" mainline="no" hidden="no" arc="yes" flip="no" circle="yes" angle="90.0" hideConLines="no" class="jmri.jmrit.display.layoutEditor.configurexml.TrackSegmentXml" />
    <tracksegment ident="T48" connect1name="A26" type1="POS_POINT" connect2name="A29" type2="POS_POINT" dashed="no" mainline="no" hidden="no" arc="yes" flip="no" circle="yes" angle="90.0" hideConLines="no" class="jmri.jmrit.display.layoutEditor.configurexml.TrackSegmentXml" />
    <tracksegment ident="T49" connect1name="A29" type1="POS_POINT" connect2name="A32" type2="POS_POINT" dashed="no" mainline="no" hidden="no" arc="yes" flip="no" circle="yes" angle="90.0" hideConLines="no" class="jmri.jmrit.display.layoutEditor.configurexml.TrackSegmentXml" />
    <tracksegment ident="T50" connect1name="A32" type1="POS_POINT" connect2name="A33" type2="POS_POINT" dashed="no" mainline="no" hidden="no" class="jmri.jmrit.display.layoutEditor.configurexml.TrackSegmentXml" />
    <tracksegment ident="T51" connect1name="A35" type1="POS_POINT" connect2name="A33" type2="POS_POINT" dashed="no" mainline="no" hidden="no" arc="yes" flip="yes" circle="yes" angle="53.873299502273774" hideConLines="no" class="jmri.jmrit.display.layoutEditor.configurexml.TrackSegmentXml" />
    <tracksegment ident="T54" connect1name="A43" type1="POS_POINT" connect2name="A45" type2="POS_POINT" dashed="no" mainline="no" hidden="no" class="jmri.jmrit.display.layoutEditor.configurexml.TrackSegmentXml" />
    <tracksegment ident="T55" connect1name="A46" type1="POS_POINT" connect2name="A47" type2="POS_POINT" dashed="no" mainline="no" hidden="no" class="jmri.jmrit.display.layoutEditor.configurexml.TrackSegmentXml" />
    <tracksegment ident="T56" connect1name="A46" type1="POS_POINT" connect2name="A45" type2="POS_POINT" dashed="no" mainline="no" hidden="no" class="jmri.jmrit.display.layoutEditor.configurexml.TrackSegmentXml" />
    <tracksegment ident="T52" connect1name="A42" type1="POS_POINT" connect2name="A35" type2="POS_POINT" dashed="no" mainline="no" hidden="no" class="jmri.jmrit.display.layoutEditor.configurexml.TrackSegmentXml" />
    <tracksegment ident="T53" connect1name="A42" type1="POS_POINT" connect2name="A43" type2="POS_POINT" dashed="no" mainline="no" hidden="no" class="jmri.jmrit.display.layoutEditor.configurexml.TrackSegmentXml" />
    <tracksegment ident="T57" connect1name="A47" type1="POS_POINT" connect2name="A48" type2="POS_POINT" dashed="no" mainline="no" hidden="no" class="jmri.jmrit.display.layoutEditor.configurexml.TrackSegmentXml" />
    <tracksegment ident="T58" connect1name="A48" type1="POS_POINT" connect2name="A49" type2="POS_POINT" dashed="no" mainline="no" hidden="no" class="jmri.jmrit.display.layoutEditor.configurexml.TrackSegmentXml" />
    <tracksegment ident="T59" connect1name="A49" type1="POS_POINT" connect2name="A5" type2="POS_POINT" dashed="no" mainline="no" hidden="no" arc="yes" flip="no" circle="yes" angle="179.98553141441278" hideConLines="no" class="jmri.jmrit.display.layoutEditor.configurexml.TrackSegmentXml" />
    <tracksegment ident="T60" connect1name="EB7" type1="POS_POINT" connect2name="A50" type2="POS_POINT" dashed="no" mainline="no" hidden="no" class="jmri.jmrit.display.layoutEditor.configurexml.TrackSegmentXml">
      <decorations>
        <bumper end="start" color="#000000" linewidth="8" length="8" />
      </decorations>
    </tracksegment>
    <tracksegment ident="T61" connect1name="A50" type1="POS_POINT" connect2name="A51" type2="POS_POINT" dashed="no" mainline="no" hidden="no" class="jmri.jmrit.display.layoutEditor.configurexml.TrackSegmentXml" />
    <tracksegment ident="T62" connect1name="A51" type1="POS_POINT" connect2name="A52" type2="POS_POINT" dashed="no" mainline="no" hidden="no" class="jmri.jmrit.display.layoutEditor.configurexml.TrackSegmentXml" />
    <tracksegment ident="T63" connect1name="A52" type1="POS_POINT" connect2name="A53" type2="POS_POINT" dashed="no" mainline="no" hidden="no" arc="yes" flip="no" circle="yes" angle="63.79692536819478" hideConLines="no" class="jmri.jmrit.display.layoutEditor.configurexml.TrackSegmentXml" />
    <tracksegment ident="T64" connect1name="A53" type1="POS_POINT" connect2name="A54" type2="POS_POINT" dashed="no" mainline="no" hidden="no" class="jmri.jmrit.display.layoutEditor.configurexml.TrackSegmentXml" />
    <tracksegment ident="T65" connect1name="A54" type1="POS_POINT" connect2name="A55" type2="POS_POINT" dashed="no" mainline="no" hidden="no" class="jmri.jmrit.display.layoutEditor.configurexml.TrackSegmentXml" />
    <tracksegment ident="T66" connect1name="A55" type1="POS_POINT" connect2name="A56" type2="POS_POINT" dashed="no" mainline="no" hidden="no" class="jmri.jmrit.display.layoutEditor.configurexml.TrackSegmentXml" />
    <tracksegment ident="T67" connect1name="A56" type1="POS_POINT" connect2name="A57" type2="POS_POINT" dashed="no" mainline="no" hidden="no" arc="yes" flip="yes" circle="yes" angle="50.07577296363325" hideConLines="no" class="jmri.jmrit.display.layoutEditor.configurexml.TrackSegmentXml" />
    <tracksegment ident="T68" connect1name="A57" type1="POS_POINT" connect2name="A58" type2="POS_POINT" dashed="no" mainline="no" hidden="no" class="jmri.jmrit.display.layoutEditor.configurexml.TrackSegmentXml" />
    <tracksegment ident="T69" connect1name="A58" type1="POS_POINT" connect2name="A59" type2="POS_POINT" dashed="no" mainline="no" hidden="no" class="jmri.jmrit.display.layoutEditor.configurexml.TrackSegmentXml" />
    <tracksegment ident="T70" connect1name="A59" type1="POS_POINT" connect2name="A60" type2="POS_POINT" dashed="no" mainline="no" hidden="no" class="jmri.jmrit.display.layoutEditor.configurexml.TrackSegmentXml" />
    <tracksegment ident="T71" connect1name="A60" type1="POS_POINT" connect2name="A61" type2="POS_POINT" dashed="no" mainline="no" hidden="no" arc="yes" flip="no" circle="yes" angle="51.98956558584021" hideConLines="no" class="jmri.jmrit.display.layoutEditor.configurexml.TrackSegmentXml" />
    <tracksegment ident="T72" connect1name="A61" type1="POS_POINT" connect2name="TO4" type2="TURNOUT_A" dashed="no" mainline="no" hidden="no" class="jmri.jmrit.display.layoutEditor.configurexml.TrackSegmentXml" />
    <tracksegment ident="T73" connect1name="TO4" type1="TURNOUT_B" connect2name="A63" type2="POS_POINT" dashed="no" mainline="no" hidden="no" class="jmri.jmrit.display.layoutEditor.configurexml.TrackSegmentXml" />
    <tracksegment ident="T74" connect1name="A63" type1="POS_POINT" connect2name="A64" type2="POS_POINT" dashed="no" mainline="no" hidden="no" class="jmri.jmrit.display.layoutEditor.configurexml.TrackSegmentXml" />
    <tracksegment ident="T75" connect1name="TO4" type1="TURNOUT_C" connect2name="A62" type2="POS_POINT" dashed="no" mainline="no" hidden="no" class="jmri.jmrit.display.layoutEditor.configurexml.TrackSegmentXml" />
    <tracksegment ident="T76" connect1name="A62" type1="POS_POINT" connect2name="A65" type2="POS_POINT" dashed="no" mainline="no" hidden="no" class="jmri.jmrit.display.layoutEditor.configurexml.TrackSegmentXml" />
    <tracksegment ident="T77" connect1name="A64" type1="POS_POINT" connect2name="A67" type2="POS_POINT" dashed="no" mainline="no" hidden="no" class="jmri.jmrit.display.layoutEditor.configurexml.TrackSegmentXml" />
    <tracksegment ident="T78" connect1name="A65" type1="POS_POINT" connect2name="A68" type2="POS_POINT" dashed="no" mainline="no" hidden="no" class="jmri.jmrit.display.layoutEditor.configurexml.TrackSegmentXml" />
    <tracksegment ident="T79" connect1name="A67" type1="POS_POINT" connect2name="TO5" type2="TURNOUT_B" dashed="no" mainline="no" hidden="no" class="jmri.jmrit.display.layoutEditor.configurexml.TrackSegmentXml" />
    <tracksegment ident="T80" connect1name="TO5" type1="TURNOUT_C" connect2name="A68" type2="POS_POINT" dashed="no" mainline="no" hidden="no" arc="yes" flip="yes" circle="yes" angle="41.24848129441033" hideConLines="no" class="jmri.jmrit.display.layoutEditor.configurexml.TrackSegmentXml" />
    <tracksegment ident="T81" connect1name="TO5" type1="TURNOUT_A" connect2name="A66" type2="POS_POINT" dashed="no" mainline="no" hidden="no" class="jmri.jmrit.display.layoutEditor.configurexml.TrackSegmentXml" />
    <tracksegment ident="T82" connect1name="A66" type1="POS_POINT" connect2name="A70" type2="POS_POINT" dashed="no" mainline="no" hidden="no" arc="yes" flip="no" circle="yes" angle="90.0" hideConLines="no" class="jmri.jmrit.display.layoutEditor.configurexml.TrackSegmentXml" />
    <tracksegment ident="T83" connect1name="A70" type1="POS_POINT" connect2name="A69" type2="POS_POINT" dashed="no" mainline="no" hidden="no" class="jmri.jmrit.display.layoutEditor.configurexml.TrackSegmentXml" />
    <tracksegment ident="T84" connect1name="A69" type1="POS_POINT" connect2name="A73" type2="POS_POINT" dashed="no" mainline="no" hidden="no" arc="yes" flip="no" circle="yes" angle="90.0" hideConLines="no" class="jmri.jmrit.display.layoutEditor.configurexml.TrackSegmentXml" />
    <tracksegment ident="T85" connect1name="A73" type1="POS_POINT" connect2name="A74" type2="POS_POINT" dashed="no" mainline="no" hidden="no" class="jmri.jmrit.display.layoutEditor.configurexml.TrackSegmentXml" />
    <tracksegment ident="T86" connect1name="A74" type1="POS_POINT" connect2name="A71" type2="POS_POINT" dashed="no" mainline="no" hidden="no" class="jmri.jmrit.display.layoutEditor.configurexml.TrackSegmentXml" />
    <tracksegment ident="T87" connect1name="A71" type1="POS_POINT" connect2name="EB8" type2="POS_POINT" dashed="no" mainline="no" hidden="no" class="jmri.jmrit.display.layoutEditor.configurexml.TrackSegmentXml">
      <decorations>
        <bumper end="stop" color="#000000" linewidth="8" length="8" />
      </decorations>
    </tracksegment>
    <positionablepoint ident="EB2" type="END_BUMPER" x="198.32872729993232" y="298.81826599933754" connect1name="T1" class="jmri.jmrit.display.layoutEditor.configurexml.PositionablePointXml" />
    <positionablepoint ident="A2" type="ANCHOR" x="198.32872729993232" y="298.81826599933754" connect1name="T1" connect2name="T2" class="jmri.jmrit.display.layoutEditor.configurexml.PositionablePointXml" />
    <positionablepoint ident="A4" type="ANCHOR" x="294.8720109066626" y="298.81826599933754" connect1name="T2" connect2name="T3" class="jmri.jmrit.display.layoutEditor.configurexml.PositionablePointXml" />
    <positionablepoint ident="A6" type="ANCHOR" x="392.8720109066626" y="297.81826599933754" connect1name="T3" connect2name="T6" class="jmri.jmrit.display.layoutEditor.configurexml.PositionablePointXml" />
    <positionablepoint ident="A12" type="ANCHOR" x="494.8720109066626" y="368.8182659993381" connect1name="T7" connect2name="T26" class="jmri.jmrit.display.layoutEditor.configurexml.PositionablePointXml" />
    <positionablepoint ident="A13" type="ANCHOR" x="494.8720109066626" y="298.81826599933754" connect1name="T8" connect2name="T13" class="jmri.jmrit.display.layoutEditor.configurexml.PositionablePointXml" />
    <positionablepoint ident="A14" type="ANCHOR" x="394.8720109066626" y="368.8182659993381" connect1name="T11" connect2name="T12" class="jmri.jmrit.display.layoutEditor.configurexml.PositionablePointXml" />
    <positionablepoint ident="A15" type="ANCHOR" x="294.8720109066626" y="368.8182659993381" connect1name="T10" connect2name="T11" class="jmri.jmrit.display.layoutEditor.configurexml.PositionablePointXml" />
    <positionablepoint ident="A16" type="ANCHOR" x="198.32872729993232" y="368.8182659993381" connect1name="T9" connect2name="T10" class="jmri.jmrit.display.layoutEditor.configurexml.PositionablePointXml" />
    <positionablepoint ident="EB3" type="END_BUMPER" x="198.32872729993232" y="368.8182659993381" connect1name="T9" class="jmri.jmrit.display.layoutEditor.configurexml.PositionablePointXml" />
    <positionablepoint ident="A18" type="ANCHOR" x="594.8720109066626" y="298.81826599933754" connect1name="T13" connect2name="T14" class="jmri.jmrit.display.layoutEditor.configurexml.PositionablePointXml" />
    <positionablepoint ident="A19" type="ANCHOR" x="694.8720109066626" y="298.81826599933754" connect1name="T14" connect2name="T15" class="jmri.jmrit.display.layoutEditor.configurexml.PositionablePointXml" />
    <positionablepoint ident="A21" type="ANCHOR" x="794.8720109066626" y="298.81826599933754" connect1name="T15" connect2name="T16" class="jmri.jmrit.display.layoutEditor.configurexml.PositionablePointXml" />
    <positionablepoint ident="A23" type="ANCHOR" x="894.8720109066626" y="298.81826599933754" connect1name="T16" connect2name="T18" class="jmri.jmrit.display.layoutEditor.configurexml.PositionablePointXml" />
    <positionablepoint ident="A27" type="ANCHOR" x="1194.8720109066626" y="298.81826599933754" connect1name="T19" connect2name="T20" class="jmri.jmrit.display.layoutEditor.configurexml.PositionablePointXml" />
    <positionablepoint ident="A28" type="ANCHOR" x="1294.8720109066626" y="298.81826599933754" connect1name="T20" connect2name="T21" class="jmri.jmrit.display.layoutEditor.configurexml.PositionablePointXml" />
    <positionablepoint ident="EB4" type="END_BUMPER" x="1394.8720109066626" y="298.81826599933754" connect1name="T21" class="jmri.jmrit.display.layoutEditor.configurexml.PositionablePointXml" />
    <positionablepoint ident="A30" type="ANCHOR" x="1092.8720109066626" y="329.8182659993379" connect1name="T22" connect2name="T23" class="jmri.jmrit.display.layoutEditor.configurexml.PositionablePointXml" />
    <positionablepoint ident="A31" type="ANCHOR" x="1194.8720109066626" y="328.8182659993379" connect1name="T23" connect2name="T40" class="jmri.jmrit.display.layoutEditor.configurexml.PositionablePointXml" />
    <positionablepoint ident="EB5" type="END_BUMPER" x="1394.8720109066626" y="328.8182659993379" connect1name="T4" class="jmri.jmrit.display.layoutEditor.configurexml.PositionablePointXml" />
    <positionablepoint ident="A34" type="ANCHOR" x="694.8720109066626" y="348.818265999338" connect1name="T27" connect2name="T28" class="jmri.jmrit.display.layoutEditor.configurexml.PositionablePointXml" />
    <positionablepoint ident="A36" type="ANCHOR" x="794.8720109066626" y="348.818265999338" connect1name="T28" connect2name="T30" class="jmri.jmrit.display.layoutEditor.configurexml.PositionablePointXml" />
    <positionablepoint ident="A37" type="ANCHOR" x="694.8720109066626" y="368.8182659993381" connect1name="T31" connect2name="T32" class="jmri.jmrit.display.layoutEditor.configurexml.PositionablePointXml" />
    <positionablepoint ident="A38" type="ANCHOR" x="794.8720109066626" y="368.8182659993381" connect1name="T32" connect2name="T33" class="jmri.jmrit.display.layoutEditor.configurexml.PositionablePointXml" />
    <positionablepoint ident="A39" type="ANCHOR" x="994.8720109066626" y="368.8182659993381" connect1name="T35" connect2name="T37" class="jmri.jmrit.display.layoutEditor.configurexml.PositionablePointXml" />
    <positionablepoint ident="A40" type="ANCHOR" x="1094.8720109066626" y="368.8182659993381" connect1name="T35" connect2name="T38" class="jmri.jmrit.display.layoutEditor.configurexml.PositionablePointXml" />
    <positionablepoint ident="A44" type="ANCHOR" x="1294.8720109066626" y="368.8182659993381" connect1name="T42" connect2name="T43" class="jmri.jmrit.display.layoutEditor.configurexml.PositionablePointXml" />
    <positionablepoint ident="EB6" type="END_BUMPER" x="1395.8720109066626" y="368.8182659993381" connect1name="T43" class="jmri.jmrit.display.layoutEditor.configurexml.PositionablePointXml" />
    <positionablepoint ident="A3" type="ANCHOR" x="1346.3720109066626" y="327.8182659993379" connect1name="T25" connect2name="T4" class="jmri.jmrit.display.layoutEditor.configurexml.PositionablePointXml" />
    <positionablepoint ident="A5" type="ANCHOR" x="200.0" y="40.0" connect1name="T5" connect2name="T59" class="jmri.jmrit.display.layoutEditor.configurexml.PositionablePointXml" />
    <positionablepoint ident="A7" type="ANCHOR" x="300.0" y="40.0" connect1name="T5" connect2name="T17" class="jmri.jmrit.display.layoutEditor.configurexml.PositionablePointXml" />
    <positionablepoint ident="A8" type="ANCHOR" x="400.0" y="100.0" connect1name="T17" connect2name="T24" class="jmri.jmrit.display.layoutEditor.configurexml.PositionablePointXml" />
    <positionablepoint ident="A9" type="ANCHOR" x="399.0" y="149.0" connect1name="T24" connect2name="T29" class="jmri.jmrit.display.layoutEditor.configurexml.PositionablePointXml" />
    <positionablepoint ident="A10" type="ANCHOR" x="500.0" y="180.0" connect1name="T29" connect2name="T34" class="jmri.jmrit.display.layoutEditor.configurexml.PositionablePointXml" />
    <positionablepoint ident="A11" type="ANCHOR" x="599.0" y="180.0" connect1name="T34" connect2name="T36" class="jmri.jmrit.display.layoutEditor.configurexml.PositionablePointXml" />
    <positionablepoint ident="A17" type="ANCHOR" x="700.0" y="180.0" connect1name="T36" connect2name="T39" class="jmri.jmrit.display.layoutEditor.configurexml.PositionablePointXml" />
    <positionablepoint ident="A20" type="ANCHOR" x="800.0" y="180.0" connect1name="T39" connect2name="T44" class="jmri.jmrit.display.layoutEditor.configurexml.PositionablePointXml" />
    <positionablepoint ident="A22" type="ANCHOR" x="900.0" y="180.0" connect1name="T44" connect2name="T45" class="jmri.jmrit.display.layoutEditor.configurexml.PositionablePointXml" />
    <positionablepoint ident="A24" type="ANCHOR" x="1000.0" y="140.0" connect1name="T45" connect2name="T46" class="jmri.jmrit.display.layoutEditor.configurexml.PositionablePointXml" />
    <positionablepoint ident="A25" type="ANCHOR" x="1000.0" y="100.0" connect1name="T46" connect2name="T47" class="jmri.jmrit.display.layoutEditor.configurexml.PositionablePointXml" />
    <positionablepoint ident="A26" type="ANCHOR" x="1000.0" y="20.0" connect1name="T47" connect2name="T48" class="jmri.jmrit.display.layoutEditor.configurexml.PositionablePointXml" />
    <positionablepoint ident="A29" type="ANCHOR" x="1102.0" y="19.0" connect1name="T48" connect2name="T49" class="jmri.jmrit.display.layoutEditor.configurexml.PositionablePointXml" />
    <positionablepoint ident="A32" type="ANCHOR" x="1100.0" y="100.0" connect1name="T49" connect2name="T50" class="jmri.jmrit.display.layoutEditor.configurexml.PositionablePointXml" />
    <positionablepoint ident="A33" type="ANCHOR" x="1100.0" y="140.0" connect1name="T50" connect2name="T51" class="jmri.jmrit.display.layoutEditor.configurexml.PositionablePointXml" />
    <positionablepoint ident="A35" type="ANCHOR" x="900.0" y="200.0" connect1name="T51" connect2name="T52" class="jmri.jmrit.display.layoutEditor.configurexml.PositionablePointXml" />
    <positionablepoint ident="A42" type="ANCHOR" x="800.0" y="200.0" connect1name="T52" connect2name="T53" class="jmri.jmrit.display.layoutEditor.configurexml.PositionablePointXml" />
    <positionablepoint ident="A43" type="ANCHOR" x="700.0" y="200.0" connect1name="T54" connect2name="T53" class="jmri.jmrit.display.layoutEditor.configurexml.PositionablePointXml" />
    <positionablepoint ident="A45" type="ANCHOR" x="600.0" y="200.0" connect1name="T54" connect2name="T56" class="jmri.jmrit.display.layoutEditor.configurexml.PositionablePointXml" />
    <positionablepoint ident="A46" type="ANCHOR" x="500.0" y="200.0" connect1name="T55" connect2name="T56" class="jmri.jmrit.display.layoutEditor.configurexml.PositionablePointXml" />
    <positionablepoint ident="A47" type="ANCHOR" x="400.0" y="200.0" connect1name="T55" connect2name="T57" class="jmri.jmrit.display.layoutEditor.configurexml.PositionablePointXml" />
    <positionablepoint ident="A48" type="ANCHOR" x="300.0" y="200.0" connect1name="T57" connect2name="T58" class="jmri.jmrit.display.layoutEditor.configurexml.PositionablePointXml" />
    <positionablepoint ident="A49" type="ANCHOR" x="200.0" y="200.0" connect1name="T58" connect2name="T59" class="jmri.jmrit.display.layoutEditor.configurexml.PositionablePointXml" />
    <positionablepoint ident="EB7" type="END_BUMPER" x="100.0" y="500.0" connect1name="T60" class="jmri.jmrit.display.layoutEditor.configurexml.PositionablePointXml" />
    <positionablepoint ident="A50" type="ANCHOR" x="198.0" y="500.0" connect1name="T60" connect2name="T61" class="jmri.jmrit.display.layoutEditor.configurexml.PositionablePointXml" />
    <positionablepoint ident="A51" type="ANCHOR" x="300.0" y="500.0" connect1name="T61" connect2name="T62" class="jmri.jmrit.display.layoutEditor.configurexml.PositionablePointXml" />
    <positionablepoint ident="A52" type="ANCHOR" x="400.0" y="500.0" connect1name="T62" connect2name="T63" class="jmri.jmrit.display.layoutEditor.configurexml.PositionablePointXml" />
    <positionablepoint ident="A53" type="ANCHOR" x="500.0" y="560.0" connect1name="T63" connect2name="T64" class="jmri.jmrit.display.layoutEditor.configurexml.PositionablePointXml" />
    <positionablepoint ident="A54" type="ANCHOR" x="600.0" y="560.0" connect1name="T64" connect2name="T65" class="jmri.jmrit.display.layoutEditor.configurexml.PositionablePointXml" />
    <positionablepoint ident="A55" type="ANCHOR" x="700.0" y="560.0" connect1name="T65" connect2name="T66" class="jmri.jmrit.display.layoutEditor.configurexml.PositionablePointXml" />
    <positionablepoint ident="A56" type="ANCHOR" x="800.0" y="560.0" connect1name="T66" connect2name="T67" class="jmri.jmrit.display.layoutEditor.configurexml.PositionablePointXml" />
    <positionablepoint ident="A57" type="ANCHOR" x="900.0" y="500.0" connect1name="T67" connect2name="T68" class="jmri.jmrit.display.layoutEditor.configurexml.PositionablePointXml" />
    <positionablepoint ident="A58" type="ANCHOR" x="1000.0" y="500.0" connect1name="T68" connect2name="T69" class="jmri.jmrit.display.layoutEditor.configurexml.PositionablePointXml" />
    <positionablepoint ident="A59" type="ANCHOR" x="1100.0" y="500.0" connect1name="T69" connect2name="T70" class="jmri.jmrit.display.layoutEditor.configurexml.PositionablePointXml" />
    <positionablepoint ident="A60" type="ANCHOR" x="1200.0" y="500.0" connect1name="T70" connect2name="T71" class="jmri.jmrit.display.layoutEditor.configurexml.PositionablePointXml" />
    <positionablepoint ident="A61" type="ANCHOR" x="1300.0" y="540.0" connect1name="T71" connect2name="T72" class="jmri.jmrit.display.layoutEditor.configurexml.PositionablePointXml" />
    <positionablepoint ident="A63" type="ANCHOR" x="1300.0" y="700.0" connect1name="T73" connect2name="T74" class="jmri.jmrit.display.layoutEditor.configurexml.PositionablePointXml" />
    <positionablepoint ident="A64" type="ANCHOR" x="1300.0" y="750.0" connect1name="T74" connect2name="T77" class="jmri.jmrit.display.layoutEditor.configurexml.PositionablePointXml" />
    <positionablepoint ident="A62" type="ANCHOR" x="1400.0" y="700.0" connect1name="T75" connect2name="T76" class="jmri.jmrit.display.layoutEditor.configurexml.PositionablePointXml" />
    <positionablepoint ident="A65" type="ANCHOR" x="1400.0" y="750.0" connect1name="T76" connect2name="T78" class="jmri.jmrit.display.layoutEditor.configurexml.PositionablePointXml" />
    <positionablepoint ident="A67" type="ANCHOR" x="1300.0" y="800.0" connect1name="T77" connect2name="T79" class="jmri.jmrit.display.layoutEditor.configurexml.PositionablePointXml" />
    <positionablepoint ident="A68" type="ANCHOR" x="1400.0" y="799.0" connect1name="T78" connect2name="T80" class="jmri.jmrit.display.layoutEditor.configurexml.PositionablePointXml" />
    <positionablepoint ident="A66" type="ANCHOR" x="1300.0" y="970.0" connect1name="T81" connect2name="T82" class="jmri.jmrit.display.layoutEditor.configurexml.PositionablePointXml" />
    <positionablepoint ident="A70" type="ANCHOR" x="1350.0" y="1020.0" connect1name="T82" connect2name="T83" class="jmri.jmrit.display.layoutEditor.configurexml.PositionablePointXml" />
    <positionablepoint ident="A73" type="ANCHOR" x="1300.0" y="1100.0" connect1name="T84" connect2name="T85" class="jmri.jmrit.display.layoutEditor.configurexml.PositionablePointXml" />
    <positionablepoint ident="A74" type="ANCHOR" x="1300.0" y="1120.0" connect1name="T85" connect2name="T86" class="jmri.jmrit.display.layoutEditor.configurexml.PositionablePointXml" />
    <positionablepoint ident="A69" type="ANCHOR" x="1350.0" y="1050.0" connect1name="T83" connect2name="T84" class="jmri.jmrit.display.layoutEditor.configurexml.PositionablePointXml" />
    <positionablepoint ident="A71" type="ANCHOR" x="1300.0" y="1170.0" connect1name="T86" connect2name="T87" class="jmri.jmrit.display.layoutEditor.configurexml.PositionablePointXml" />
    <positionablepoint ident="EB8" type="END_BUMPER" x="1300.0" y="1200.0" connect1name="T87" class="jmri.jmrit.display.layoutEditor.configurexml.PositionablePointXml" />
    <layoutSlip ident="SL2" slipType="SINGLE_SLIP" hidden="no" disabled="no" disableWhenOccupied="no" showtooltip="yes" xcen="444.8720109066626" ycen="338.8182659993379" xa="424.8720109066626" ya="338.8182659993379" xb="430.8720109066626" yb="352.8182659993379" connectaname="T6" connectbname="T12" connectcname="T7" connectdname="T8" class="jmri.jmrit.display.layoutEditor.configurexml.LayoutSingleSlipXml">
      <states>
        <A-C>
          <turnout>2</turnout>
          <turnoutB>2</turnoutB>
        </A-C>
        <A-D>
          <turnout>2</turnout>
          <turnoutB>4</turnoutB>
        </A-D>
        <B-D>
          <turnout>4</turnout>
          <turnoutB>4</turnoutB>
        </B-D>
      </states>
    </layoutSlip>
  </LayoutEditor>
  <filehistory>
    <operation>
      <type>app</type>
      <date>Sat Mar 08 11:38:05 CET 2025</date>
      <filename>PanelPro (v5.10.0)</filename>
    </operation>
    <operation>
      <type>Load OK</type>
      <date>Sat Mar 08 11:41:05 CET 2025</date>
      <filename>/C:/Users/LOK_1/JMRI/LOK_1.jmri/Lok_1.xml</filename>
      <filehistory>
        <operation>
          <type>app</type>
          <date>Fri Mar 07 16:09:25 CET 2025</date>
          <filename>PanelPro (v5.10.0)</filename>
        </operation>
        <operation>
          <type>Store</type>
          <date>Fri Mar 07 19:03:26 CET 2025</date>
          <filename>C:\Users\LOK_1\JMRI\LOK_1.jmri\Lok_1.xml</filename>
        </operation>
      </filehistory>
    </operation>
    <operation>
      <type>Store</type>
      <date>Sat Mar 08 14:12:11 CET 2025</date>
      <filename>C:\Users\LOK_1\JMRI\LOK_1.jmri\Lok_1_my_layout.xml</filename>
    </operation>
  </filehistory>
  <!--Written by JMRI version 5.10+Rca461bd266 on Sat Mar 08 14:12:11 CET 2025-->
</layout-config>
