<?xml version="1.0" encoding="UTF-8"?>
<?xml-stylesheet href="/xml/XSLT/panelfile-5-5-5.xsl" type="text/xsl"?>
<layout-config xmlns:xsi="http://www.w3.org/2001/XMLSchema-instance" xsi:noNamespaceSchemaLocation="http://jmri.org/xml/schema/layout-5-5-5.xsd">
  <jmriversion>
    <major>5</major>
    <minor>10</minor>
    <test>0</test>
    <modifier />
  </jmriversion>
  <sensors class="jmri.jmrix.loconet.configurexml.LnSensorManagerXml">
    <sensor inverted="false">
      <systemName>LS1</systemName>
    </sensor>
    <sensor inverted="false">
      <systemName>LS2</systemName>
    </sensor>
    <sensor inverted="false">
      <systemName>LS3</systemName>
    </sensor>
    <sensor inverted="false">
      <systemName>LS4</systemName>
    </sensor>
    <sensor inverted="false">
      <systemName>LS5</systemName>
    </sensor>
    <sensor inverted="false">
      <systemName>LS6</systemName>
    </sensor>
    <sensor inverted="false">
      <systemName>LS7</systemName>
    </sensor>
    <sensor inverted="false">
      <systemName>LS8</systemName>
    </sensor>
    <sensor inverted="false">
      <systemName>LS18</systemName>
    </sensor>
    <sensor inverted="false">
      <systemName>LS19</systemName>
    </sensor>
    <sensor inverted="false">
      <systemName>LS20</systemName>
    </sensor>
    <sensor inverted="false">
      <systemName>LS21</systemName>
    </sensor>
    <sensor inverted="false">
      <systemName>LS22</systemName>
    </sensor>
    <sensor inverted="false">
      <systemName>LS23</systemName>
    </sensor>
    <sensor inverted="false">
      <systemName>LS24</systemName>
    </sensor>
    <sensor inverted="false">
      <systemName>LS25</systemName>
    </sensor>
    <sensor inverted="false">
      <systemName>LS26</systemName>
    </sensor>
    <sensor inverted="false">
      <systemName>LS27</systemName>
    </sensor>
    <sensor inverted="false">
      <systemName>LS28</systemName>
    </sensor>
    <sensor inverted="false">
      <systemName>LS29</systemName>
    </sensor>
    <sensor inverted="false">
      <systemName>LS30</systemName>
    </sensor>
    <sensor inverted="false">
      <systemName>LS32</systemName>
    </sensor>
    <sensor inverted="false">
      <systemName>LS199</systemName>
    </sensor>
    <sensor inverted="false">
      <systemName>LS200</systemName>
    </sensor>
    <sensor inverted="false">
      <systemName>LS201</systemName>
    </sensor>
    <sensor inverted="false">
      <systemName>LS202</systemName>
    </sensor>
    <sensor inverted="false">
      <systemName>LS203</systemName>
    </sensor>
    <sensor inverted="false">
      <systemName>LS204</systemName>
    </sensor>
    <sensor inverted="false">
      <systemName>LS205</systemName>
    </sensor>
    <sensor inverted="false">
      <systemName>LS206</systemName>
    </sensor>
  </sensors>
  <sensors class="jmri.jmrix.internal.configurexml.InternalSensorManagerXml">
    <defaultInitialState>unknown</defaultInitialState>
    <sensor inverted="false">
      <systemName>ISCLOCKRUNNING</systemName>
    </sensor>
  </sensors>
  <turnouts class="jmri.jmrix.loconet.configurexml.LnTurnoutManagerXml">
    <operations automate="false">
      <operation name="NoFeedback" class="jmri.configurexml.turnoutoperations.NoFeedbackTurnoutOperationXml" interval="300" maxtries="2" />
      <operation name="Raw" class="jmri.configurexml.turnoutoperations.RawTurnoutOperationXml" interval="300" maxtries="1" />
      <operation name="Sensor" class="jmri.configurexml.turnoutoperations.SensorTurnoutOperationXml" interval="300" maxtries="3" />
    </operations>
    <defaultclosedspeed>Normal</defaultclosedspeed>
    <defaultthrownspeed>Restricted</defaultthrownspeed>
    <turnout feedback="MONITORING" inverted="false" automate="Off">
      <systemName>LT100</systemName>
    </turnout>
    <turnout feedback="MONITORING" inverted="false" automate="Off">
      <systemName>LT101</systemName>
    </turnout>
    <turnout feedback="MONITORING" inverted="false" automate="Off">
      <systemName>LT102</systemName>
    </turnout>
    <turnout feedback="MONITORING" inverted="false" automate="Off">
      <systemName>LT103</systemName>
    </turnout>
  </turnouts>
  <memories class="jmri.managers.configurexml.DefaultMemoryManagerXml">
    <memory value="6:04 AM">
      <systemName>IMCURRENTTIME</systemName>
    </memory>
    <memory value="1.0">
      <systemName>IMRATEFACTOR</systemName>
    </memory>
  </memories>
  <signalmastlogics class="jmri.managers.configurexml.DefaultSignalMastLogicManagerXml">
    <logicDelay>500</logicDelay>
  </signalmastlogics>
  <meters class="jmri.managers.configurexml.AbstractMeterManagerXml">
    <meter>
      <systemName>LVDB210(s/n3740)InputCurrent</systemName>
    </meter>
    <meter>
      <systemName>LVDB210(s/n3740)Voltage</systemName>
    </meter>
    <meter>
      <systemName>LVDB210(s/n3773)InputCurrent</systemName>
    </meter>
    <meter>
      <systemName>LVDB210(s/n3773)Voltage</systemName>
    </meter>
    <meter>
      <systemName>LVDCS240+(s/n5382)InputCurrent</systemName>
    </meter>
    <meter>
      <systemName>LVDCS240+(s/n5382)Voltage</systemName>
    </meter>
    <meter>
      <systemName>LVPR4(s/n2091)InputCurrent</systemName>
    </meter>
    <meter>
      <systemName>LVPR4(s/n2091)Voltage</systemName>
    </meter>
    <meter>
      <systemName>LV[116](s/n3359)InputCurrent</systemName>
    </meter>
    <meter>
      <systemName>LV[116](s/n3359)Voltage</systemName>
    </meter>
    <meter>
      <systemName>LV[67](s/n4184)InputCurrent</systemName>
    </meter>
    <meter>
      <systemName>LV[67](s/n4184)Voltage</systemName>
    </meter>
    <meter>
      <systemName>LV[67](s/n4204)InputCurrent</systemName>
    </meter>
    <meter>
      <systemName>LV[67](s/n4204)Voltage</systemName>
    </meter>
  </meters>
  <timebase class="jmri.jmrit.simpleclock.configurexml.SimpleTimebaseXml" time="Fri Apr 11 05:54:45 CEST 2025" rate="1.0" startrate="1.0" run="yes" master="yes" sync="no" correct="no" display="no" startstopped="no" startrunning="yes" startsettime="no" startclockoption="0" showbutton="no" startsetrate="yes" />
  <filehistory>
    <operation>
      <type>app</type>
      <date>Fri Apr 11 05:54:45 CEST 2025</date>
      <filename>PanelPro (v5.10.0)</filename>
    </operation>
    <operation>
      <type>Store</type>
      <date>Fri Apr 11 06:04:56 CEST 2025</date>
      <filename>C:\Users\LOK_1\JMRI\Dawid_makieta_1.jmri\dawid_mak_1.xml</filename>
    </operation>
  </filehistory>
  <!--Written by JMRI version 5.10+Rca461bd266 on Fri Apr 11 06:04:56 CEST 2025-->
</layout-config>
